DUGPOLJ 110 TP1 STRUJA ;;;;DUGPOLJ 110 TP1 RADNA SNAGA ;;;;DUGPOLJ 110 TP1 JALOVA SNAGA ;;;;DUGPOLJ 110 TP1 NAPON ;;;;DUGPOLJ 110/20 TR1 POLOŽAJ REG SKLOPKE ;;;;DUGPOLJ 20 MP SEK 1 NAPON ;;;;DUGPOLJ 110 TP2 STRUJA ;;;;DUGPOLJ 110 TP2 RADNA SNAGA ;;;;DUGPOLJ 110 TP2 JALOVA SNAGA ;;;;DUGPOLJ 110 TP2 NAPON ;;;;DUGPOLJ 110/20 TR2 POLOŽAJ REG SKLOPKE ;;;;DUGPOLJ 20 MP SEK 2 NAPON ;;
4.12.2024. 9:10:00;;23,453171;;4.12.2024. 9:10:00;;-4,621488;;4.12.2024. 9:10:00;;0,619258;;4.12.2024. 9:10:00;;117,747505;;4.12.2024. 9:10:00;;4;;4.12.2024. 9:10:00;;20,97452;;4.12.2024. 9:10:00;;15,954968;;4.12.2024. 9:10:00;;-2,951741;;4.12.2024. 9:10:00;;1,229068;;4.12.2024. 9:10:00;;118,728981;;4.12.2024. 9:10:00;;3;;4.12.2024. 9:10:00;;20,42028
4.12.2024. 9:11:52;;23,453171;;4.12.2024. 9:11:52;;-4,621488;;4.12.2024. 9:11:52;;0,619258;;4.12.2024. 9:11:52;;117,747505;;4.12.2024. 9:11:52;;4;;4.12.2024. 9:11:52;;20,97452;;4.12.2024. 9:11:52;;15,954968;;4.12.2024. 9:11:52;;-2,951741;;4.12.2024. 9:11:52;;1,229068;;4.12.2024. 9:11:52;;118,728981;;4.12.2024. 9:11:52;;3;;4.12.2024. 9:11:52;;20,42028
4.12.2024. 9:13:08;;23,453171;;4.12.2024. 9:13:10;;-4,621488;;4.12.2024. 9:14:08;;0,619258;;4.12.2024. 9:13:06;;122,45192;;4.12.2024. 9:14:08;;4;;4.12.2024. 9:14:08;;20,97452;;4.12.2024. 9:14:08;;15,954968;;4.12.2024. 9:14:08;;-2,951741;;4.12.2024. 9:14:08;;1,229068;;4.12.2024. 9:13:06;;121,771919;;4.12.2024. 9:13:58;;3;;4.12.2024. 9:12:04;;20,42028
4.12.2024. 9:14:08;;24,842974;;4.12.2024. 9:14:08;;-5,172774;;4.12.2024. 9:16:24;;0,619258;;4.12.2024. 9:14:08;;117,61792;;4.12.2024. 9:16:24;;4;;4.12.2024. 9:14:26;;20,97452;;4.12.2024. 9:16:24;;15,954968;;4.12.2024. 9:16:24;;-2,951741;;4.12.2024. 9:16:24;;1,229068;;4.12.2024. 9:14:08;;117,557358;;4.12.2024. 9:14:08;;4;;4.12.2024. 9:14:08;;20,437601
4.12.2024. 9:14:12;;24,842974;;4.12.2024. 9:14:16;;-5,172774;;4.12.2024. 9:18:40;;0,619258;;4.12.2024. 9:16:24;;117,61792;;4.12.2024. 9:18:40;;4;;4.12.2024. 9:16:24;;20,749359;;4.12.2024. 9:18:40;;15,954968;;4.12.2024. 9:18:40;;-2,951741;;4.12.2024. 9:18:40;;1,229068;;4.12.2024. 9:16:24;;117,557358;;4.12.2024. 9:16:24;;4;;4.12.2024. 9:16:06;;20,437601
4.12.2024. 9:16:24;;23,451591;;4.12.2024. 9:16:24;;-4,644889;;4.12.2024. 9:20:56;;0,619258;;4.12.2024. 9:18:40;;117,61792;;4.12.2024. 9:20:56;;4;;4.12.2024. 9:16:30;;20,749359;;4.12.2024. 9:20:56;;15,954968;;4.12.2024. 9:20:56;;-2,951741;;4.12.2024. 9:20:56;;1,229068;;4.12.2024. 9:18:40;;117,557358;;4.12.2024. 9:18:40;;4;;4.12.2024. 9:16:24;;20,489559
4.12.2024. 9:18:40;;23,451591;;4.12.2024. 9:18:40;;-4,644889;;4.12.2024. 9:23:12;;0,619258;;4.12.2024. 9:20:56;;117,61792;;4.12.2024. 9:23:12;;4;;4.12.2024. 9:18:40;;20,71472;;4.12.2024. 9:23:12;;15,954968;;4.12.2024. 9:23:12;;-2,951741;;4.12.2024. 9:23:12;;1,229068;;4.12.2024. 9:20:56;;117,557358;;4.12.2024. 9:20:56;;4;;4.12.2024. 9:18:40;;20,489559
4.12.2024. 9:20:56;;23,451591;;4.12.2024. 9:20:56;;-4,644889;;4.12.2024. 9:25:28;;0,619258;;4.12.2024. 9:23:12;;117,61792;;4.12.2024. 9:25:28;;4;;4.12.2024. 9:19:16;;20,71472;;4.12.2024. 9:25:28;;15,954968;;4.12.2024. 9:25:28;;-2,951741;;4.12.2024. 9:25:28;;1,229068;;4.12.2024. 9:23:12;;117,557358;;4.12.2024. 9:23:12;;4;;4.12.2024. 9:19:04;;20,489559
4.12.2024. 9:21:32;;23,451591;;4.12.2024. 9:23:12;;-4,644889;;4.12.2024. 9:27:44;;0,619258;;4.12.2024. 9:25:28;;117,61792;;4.12.2024. 9:27:44;;4;;4.12.2024. 9:20:56;;20,8706;;4.12.2024. 9:27:44;;15,954968;;4.12.2024. 9:27:44;;-2,951741;;4.12.2024. 9:27:44;;1,229068;;4.12.2024. 9:25:28;;117,557358;;4.12.2024. 9:25:28;;4;;4.12.2024. 9:20:56;;20,71472
4.12.2024. 9:23:12;;22,06481;;4.12.2024. 9:25:28;;-4,644889;;4.12.2024. 9:30:00;;0,619258;;4.12.2024. 9:27:44;;117,61792;;4.12.2024. 9:30:00;;4;;4.12.2024. 9:23:12;;20,8706;;4.12.2024. 9:30:00;;15,954968;;4.12.2024. 9:30:00;;-2,951741;;4.12.2024. 9:30:00;;1,229068;;4.12.2024. 9:27:44;;117,557358;;4.12.2024. 9:27:44;;4;;4.12.2024. 9:23:12;;20,71472
4.12.2024. 9:25:28;;22,06481;;4.12.2024. 9:26:16;;-4,644889;;4.12.2024. 9:32:16;;0,619258;;4.12.2024. 9:30:00;;117,61792;;4.12.2024. 9:32:16;;4;;4.12.2024. 9:25:28;;20,8706;;4.12.2024. 9:32:16;;15,954968;;4.12.2024. 9:32:16;;-2,951741;;4.12.2024. 9:32:16;;1,229068;;4.12.2024. 9:30:00;;117,557358;;4.12.2024. 9:30:00;;4;;4.12.2024. 9:23:14;;20,71472
4.12.2024. 9:26:16;;22,06481;;4.12.2024. 9:27:44;;-4,123397;;4.12.2024. 9:34:32;;0,619258;;4.12.2024. 9:32:16;;117,61792;;4.12.2024. 9:34:32;;4;;4.12.2024. 9:26:10;;20,8706;;4.12.2024. 9:34:32;;15,954968;;4.12.2024. 9:34:32;;-2,951741;;4.12.2024. 9:34:32;;1,229068;;4.12.2024. 9:32:16;;117,557358;;4.12.2024. 9:32:16;;4;;4.12.2024. 9:25:28;;20,50688
4.12.2024. 9:27:44;;20,686094;;4.12.2024. 9:30:00;;-4,123397;;4.12.2024. 9:36:48;;0,619258;;4.12.2024. 9:34:32;;117,61792;;4.12.2024. 9:36:48;;4;;4.12.2024. 9:27:44;;20,83596;;4.12.2024. 9:36:48;;15,954968;;4.12.2024. 9:36:48;;-2,951741;;4.12.2024. 9:36:48;;1,229068;;4.12.2024. 9:34:32;;117,557358;;4.12.2024. 9:34:32;;4;;4.12.2024. 9:27:44;;20,50688
4.12.2024. 9:30:00;;20,686094;;4.12.2024. 9:32:16;;-4,123397;;4.12.2024. 9:39:04;;0,619258;;4.12.2024. 9:36:48;;117,61792;;4.12.2024. 9:39:04;;4;;4.12.2024. 9:30:00;;20,83596;;4.12.2024. 9:39:04;;15,954968;;4.12.2024. 9:39:04;;-2,951741;;4.12.2024. 9:39:04;;1,229068;;4.12.2024. 9:36:48;;117,557358;;4.12.2024. 9:36:48;;4;;4.12.2024. 9:30:00;;20,50688
4.12.2024. 9:32:16;;20,686094;;4.12.2024. 9:34:32;;-4,123397;;4.12.2024. 9:41:20;;0,619258;;4.12.2024. 9:39:04;;117,61792;;4.12.2024. 9:41:20;;4;;4.12.2024. 9:32:16;;20,83596;;4.12.2024. 9:41:20;;15,954968;;4.12.2024. 9:41:20;;-2,951741;;4.12.2024. 9:41:20;;1,229068;;4.12.2024. 9:39:04;;117,557358;;4.12.2024. 9:39:04;;4;;4.12.2024. 9:31:04;;20,50688
4.12.2024. 9:34:06;;20,686094;;4.12.2024. 9:36:48;;-4,123397;;4.12.2024. 9:43:36;;0,619258;;4.12.2024. 9:41:18;;117,61792;;4.12.2024. 9:41:50;;4;;4.12.2024. 9:34:32;;20,83596;;4.12.2024. 9:42:22;;15,954968;;4.12.2024. 9:43:36;;-2,951741;;4.12.2024. 9:43:36;;1,229068;;4.12.2024. 9:41:20;;117,557358;;4.12.2024. 9:41:20;;4;;4.12.2024. 9:32:16;;20,57616
4.12.2024. 9:34:32;;22,145287;;4.12.2024. 9:39:04;;-4,123397;;4.12.2024. 9:45:52;;0,619258;;4.12.2024. 9:41:20;;116,175018;;4.12.2024. 9:43:36;;5;;4.12.2024. 9:36:48;;20,83596;;4.12.2024. 9:42:58;;14,347198;;4.12.2024. 9:45:52;;-2,951741;;4.12.2024. 9:45:52;;1,229068;;4.12.2024. 9:41:30;;117,557358;;4.12.2024. 9:42:58;;5;;4.12.2024. 9:34:32;;20,57616
4.12.2024. 9:34:54;;20,757109;;4.12.2024. 9:41:20;;-4,123397;;4.12.2024. 9:48:08;;0,619258;;4.12.2024. 9:41:56;;113,303062;;4.12.2024. 9:45:52;;5;;4.12.2024. 9:37:46;;20,83596;;4.12.2024. 9:45:52;;15,848628;;4.12.2024. 9:48:08;;-2,951741;;4.12.2024. 9:48:08;;1,229068;;4.12.2024. 9:41:56;;114,625862;;4.12.2024. 9:43:36;;4;;4.12.2024. 9:36:48;;20,57616
4.12.2024. 9:36:38;;22,432623;;4.12.2024. 9:43:36;;-4,123397;;4.12.2024. 9:50:24;;0,619258;;4.12.2024. 9:43:36;;116,857101;;4.12.2024. 9:47:46;;5;;4.12.2024. 9:39:04;;20,92256;;4.12.2024. 9:48:08;;15,848628;;4.12.2024. 9:50:24;;-2,951741;;4.12.2024. 9:50:24;;1,229068;;4.12.2024. 9:45:52;;116,795601;;4.12.2024. 9:45:52;;4;;4.12.2024. 9:39:04;;20,57616
4.12.2024. 9:39:04;;20,941216;;4.12.2024. 9:45:52;;-4,123397;;4.12.2024. 9:52:40;;0,619258;;4.12.2024. 9:45:52;;116,857101;;4.12.2024. 9:48:08;;4;;4.12.2024. 9:41:20;;20,92256;;4.12.2024. 9:50:24;;15,848628;;4.12.2024. 9:52:40;;-2,951741;;4.12.2024. 9:52:40;;1,229068;;4.12.2024. 9:47:46;;116,795601;;4.12.2024. 9:48:08;;4;;4.12.2024. 9:41:20;;20,57616
4.12.2024. 9:41:02;;20,941216;;4.12.2024. 9:48:08;;-4,123397;;4.12.2024. 9:54:56;;0,619258;;4.12.2024. 9:48:08;;116,857101;;4.12.2024. 9:50:24;;4;;4.12.2024. 9:42:20;;20,385641;;4.12.2024. 9:52:40;;15,848628;;4.12.2024. 9:54:56;;-2,951741;;4.12.2024. 9:54:56;;1,229068;;4.12.2024. 9:48:08;;118,253403;;4.12.2024. 9:50:24;;4;;4.12.2024. 9:42:10;;19,93532
4.12.2024. 9:41:20;;22,312378;;4.12.2024. 9:50:24;;-4,123397;;4.12.2024. 9:57:12;;0,619258;;4.12.2024. 9:48:24;;116,857101;;4.12.2024. 9:51:28;;4;;4.12.2024. 9:43:36;;21,061119;;4.12.2024. 9:54:56;;15,848628;;4.12.2024. 9:57:12;;-2,951741;;4.12.2024. 9:57:12;;1,229068;;4.12.2024. 9:50:24;;118,253403;;4.12.2024. 9:52:40;;4;;4.12.2024. 9:43:36;;20,680079
4.12.2024. 9:43:36;;22,312378;;4.12.2024. 9:52:40;;-4,123397;;4.12.2024. 9:59:28;;0,619258;;4.12.2024. 9:50:24;;118,319817;;4.12.2024. 9:52:40;;5;;4.12.2024. 9:45:52;;21,061119;;4.12.2024. 9:57:12;;15,848628;;4.12.2024. 9:59:28;;-2,951741;;4.12.2024. 9:59:28;;1,229068;;4.12.2024. 9:50:40;;118,253403;;4.12.2024. 9:54:56;;4;;4.12.2024. 9:44:46;;20,680079
4.12.2024. 9:43:52;;22,312378;;4.12.2024. 9:54:56;;-4,123397;;4.12.2024. 10:01:44;;0,619258;;4.12.2024. 9:50:38;;118,319817;;4.12.2024. 9:54:56;;5;;4.12.2024. 9:48:08;;21,061119;;4.12.2024. 9:59:28;;15,848628;;4.12.2024. 10:01:44;;-2,951741;;4.12.2024. 10:01:44;;1,229068;;4.12.2024. 9:52:40;;116,818726;;4.12.2024. 9:57:12;;4;;4.12.2024. 9:45:52;;20,55884
4.12.2024. 9:45:52;;20,828218;;4.12.2024. 9:55:28;;-4,123397;;4.12.2024. 10:04:00;;0,619258;;4.12.2024. 9:52:40;;116,880997;;4.12.2024. 9:55:30;;5;;4.12.2024. 9:49:16;;21,061119;;4.12.2024. 10:01:44;;15,848628;;4.12.2024. 10:04:00;;-2,951741;;4.12.2024. 10:04:00;;1,229068;;4.12.2024. 9:54:56;;116,818726;;4.12.2024. 9:59:26;;5;;4.12.2024. 9:48:08;;20,55884
4.12.2024. 9:46:20;;20,828218;;4.12.2024. 9:57:12;;-3,568834;;4.12.2024. 10:06:16;;0,619258;;4.12.2024. 9:54:56;;116,880997;;4.12.2024. 9:57:12;;4;;4.12.2024. 9:50:24;;20,853279;;4.12.2024. 10:04:00;;15,848628;;4.12.2024. 10:06:16;;-2,951741;;4.12.2024. 10:06:16;;1,229068;;4.12.2024. 9:56:42;;118,260269;;4.12.2024. 9:59:28;;4;;4.12.2024. 9:48:48;;20,55884
4.12.2024. 9:46:32;;22,356766;;4.12.2024. 9:58:26;;-3,568834;;4.12.2024. 10:08:32;;0,619258;;4.12.2024. 9:55:14;;116,880997;;4.12.2024. 9:57:48;;4;;4.12.2024. 9:51:50;;20,6108;;4.12.2024. 10:06:16;;15,848628;;4.12.2024. 10:08:32;;-2,951741;;4.12.2024. 10:08:32;;1,229068;;4.12.2024. 9:57:12;;116,799065;;4.12.2024. 10:00:38;;3;;4.12.2024. 9:50:24;;20,62812
4.12.2024. 9:50:14;;20,974146;;4.12.2024. 9:59:22;;-3,039381;;4.12.2024. 10:10:48;;0,619258;;4.12.2024. 9:56:40;;118,315392;;4.12.2024. 9:59:28;;5;;4.12.2024. 9:52:40;;21,061119;;4.12.2024. 10:08:32;;15,848628;;4.12.2024. 10:10:48;;-2,951741;;4.12.2024. 10:10:48;;1,229068;;4.12.2024. 9:58:54;;115,33226;;4.12.2024. 10:01:44;;4;;4.12.2024. 9:51:46;;20,62812
4.12.2024. 9:50:24;;19,489811;;4.12.2024. 10:01:44;;-3,560732;;4.12.2024. 10:13:04;;0,619258;;4.12.2024. 9:58:56;;115,387436;;4.12.2024. 9:59:30;;5;;4.12.2024. 9:54:56;;21,061119;;4.12.2024. 10:10:48;;15,848628;;4.12.2024. 10:13:04;;-2,951741;;4.12.2024. 10:13:04;;1,229068;;4.12.2024. 9:59:28;;121,202316;;4.12.2024. 10:04:00;;4;;4.12.2024. 9:52:40;;20,437601
4.12.2024. 9:51:06;;19,489811;;4.12.2024. 10:04:00;;-3,560732;;4.12.2024. 10:15:20;;0,619258;;4.12.2024. 9:59:28;;121,211151;;4.12.2024. 10:01:44;;4;;4.12.2024. 9:56:26;;21,14772;;4.12.2024. 10:13:04;;15,848628;;4.12.2024. 10:15:20;;-2,951741;;4.12.2024. 10:15:20;;1,229068;;4.12.2024. 9:59:36;;121,202316;;4.12.2024. 10:06:16;;4;;4.12.2024. 9:53:14;;20,437601
4.12.2024. 9:52:40;;20,920187;;4.12.2024. 10:05:12;;-3,560732;;4.12.2024. 10:17:36;;0,619258;;4.12.2024. 9:59:36;;121,211151;;4.12.2024. 10:04:00;;4;;4.12.2024. 9:57:12;;20,83596;;4.12.2024. 10:15:20;;15,848628;;4.12.2024. 10:17:36;;-2,951741;;4.12.2024. 10:17:36;;1,229068;;4.12.2024. 10:01:44;;117,81897;;4.12.2024. 10:07:48;;4;;4.12.2024. 9:54:56;;20,62812
4.12.2024. 9:53:00;;20,920187;;4.12.2024. 10:06:16;;-4,095019;;4.12.2024. 10:18:04;;0,619258;;4.12.2024. 10:01:44;;117,755943;;4.12.2024. 10:06:16;;4;;4.12.2024. 9:59:04;;20,541519;;4.12.2024. 10:17:36;;15,848628;;4.12.2024. 10:18:58;;-2,951741;;4.12.2024. 10:19:52;;1,229068;;4.12.2024. 10:04:00;;117,81897;;4.12.2024. 10:08:32;;3;;4.12.2024. 9:57:12;;20,62812
4.12.2024. 9:54:56;;19,539824;;4.12.2024. 10:08:32;;-4,095019;;4.12.2024. 10:19:52;;1,148372;;4.12.2024. 10:04:00;;117,755943;;4.12.2024. 10:08:04;;4;;4.12.2024. 9:59:28;;21,07844;;4.12.2024. 10:18:22;;15,848628;;4.12.2024. 10:19:52;;-2,42846;;4.12.2024. 10:22:08;;1,229068;;4.12.2024. 10:06:16;;117,81897;;4.12.2024. 10:08:50;;3;;4.12.2024. 9:59:08;;20,333679
4.12.2024. 9:55:28;;19,539824;;4.12.2024. 10:10:48;;-4,095019;;4.12.2024. 10:22:08;;1,148372;;4.12.2024. 10:06:16;;117,755943;;4.12.2024. 10:08:32;;3;;4.12.2024. 10:00:08;;21,528761;;4.12.2024. 10:19:52;;14,398135;;4.12.2024. 10:22:08;;-2,42846;;4.12.2024. 10:24:24;;1,229068;;4.12.2024. 10:08:12;;120,693352;;4.12.2024. 10:10:48;;4;;4.12.2024. 9:59:28;;20,99184
4.12.2024. 9:57:12;;17,881842;;4.12.2024. 10:12:40;;-4,095019;;4.12.2024. 10:24:24;;1,148372;;4.12.2024. 10:08:12;;120,673805;;4.12.2024. 10:08:50;;3;;4.12.2024. 10:01:34;;20,645439;;4.12.2024. 10:22:08;;14,398135;;4.12.2024. 10:24:24;;-2,42846;;4.12.2024. 10:26:40;;1,229068;;4.12.2024. 10:08:32;;117,764748;;4.12.2024. 10:13:04;;4;;4.12.2024. 10:00:08;;20,99184
4.12.2024. 9:57:40;;17,881842;;4.12.2024. 10:13:04;;-3,565542;;4.12.2024. 10:26:40;;1,148372;;4.12.2024. 10:08:32;;116,981361;;4.12.2024. 10:10:48;;4;;4.12.2024. 10:04:00;;20,853279;;4.12.2024. 10:24:24;;14,398135;;4.12.2024. 10:26:40;;-2,42846;;4.12.2024. 10:28:56;;1,229068;;4.12.2024. 10:10:48;;117,764748;;4.12.2024. 10:14:26;;4;;4.12.2024. 10:01:20;;20,333679
4.12.2024. 9:59:28;;16,515776;;4.12.2024. 10:15:16;;-3,565542;;4.12.2024. 10:27:42;;1,148372;;4.12.2024. 10:10:48;;116,981361;;4.12.2024. 10:13:04;;4;;4.12.2024. 10:05:28;;20,853279;;4.12.2024. 10:26:40;;14,398135;;4.12.2024. 10:27:14;;-2,42846;;4.12.2024. 10:31:12;;1,229068;;4.12.2024. 10:13:04;;117,764748;;4.12.2024. 10:15:20;;3;;4.12.2024. 10:04:00;;20,55884
4.12.2024. 9:59:46;;17,968571;;4.12.2024. 10:15:20;;-4,124697;;4.12.2024. 10:28:56;;0,581257;;4.12.2024. 10:13:04;;116,981361;;4.12.2024. 10:14:38;;4;;4.12.2024. 10:06:16;;20,71472;;4.12.2024. 10:27:14;;14,398135;;4.12.2024. 10:28:56;;-2,951142;;4.12.2024. 10:33:28;;1,229068;;4.12.2024. 10:13:58;;117,764748;;4.12.2024. 10:15:58;;3;;4.12.2024. 10:06:16;;20,55884
4.12.2024. 10:01:44;;19,371172;;4.12.2024. 10:16:50;;-4,124697;;4.12.2024. 10:31:12;;0,581257;;4.12.2024. 10:13:46;;116,981361;;4.12.2024. 10:15:20;;3;;4.12.2024. 10:07:32;;20,71472;;4.12.2024. 10:28:56;;15,82795;;4.12.2024. 10:31:12;;-2,951142;;4.12.2024. 10:35:44;;1,229068;;4.12.2024. 10:15:20;;119,202339;;4.12.2024. 10:17:26;;7;;4.12.2024. 10:07:20;;20,437601
4.12.2024. 10:04:00;;19,371172;;4.12.2024. 10:17:36;;-3,602951;;4.12.2024. 10:33:28;;0,581257;;4.12.2024. 10:15:20;;119,876915;;4.12.2024. 10:15:52;;3;;4.12.2024. 10:08:32;;21,14772;;4.12.2024. 10:31:12;;15,82795;;4.12.2024. 10:33:28;;-2,951142;;4.12.2024. 10:38:00;;1,229068;;4.12.2024. 10:17:00;;112,000381;;4.12.2024. 10:17:40;;6;;4.12.2024. 10:08:32;;20,818642
4.12.2024. 10:06:16;;19,371172;;4.12.2024. 10:19:22;;-4,128451;;4.12.2024. 10:35:44;;0,581257;;4.12.2024. 10:15:22;;119,876915;;4.12.2024. 10:17:30;;7;;4.12.2024. 10:08:48;;21,14772;;4.12.2024. 10:33:10;;15,82795;;4.12.2024. 10:35:44;;-2,951142;;4.12.2024. 10:40:16;;1,229068;;4.12.2024. 10:17:36;;119,215294;;4.12.2024. 10:19:52;;4;;4.12.2024. 10:08:38;;20,818642
4.12.2024. 10:08:16;;19,371172;;4.12.2024. 10:19:52;;-3,60108;;4.12.2024. 10:38:00;;0,581257;;4.12.2024. 10:17:04;;112,624237;;4.12.2024. 10:17:44;;6;;4.12.2024. 10:09:58;;20,66276;;4.12.2024. 10:33:28;;17,350384;;4.12.2024. 10:38:00;;-2,951142;;4.12.2024. 10:42:32;;1,229068;;4.12.2024. 10:17:48;;120,668808;;4.12.2024. 10:22:08;;4;;4.12.2024. 10:09:42;;20,351
4.12.2024. 10:08:32;;20,759954;;4.12.2024. 10:22:08;;-3,60108;;4.12.2024. 10:40:16;;0,581257;;4.12.2024. 10:17:48;;121,429329;;4.12.2024. 10:19:52;;5;;4.12.2024. 10:13:04;;20,784;;4.12.2024. 10:35:44;;17,350384;;4.12.2024. 10:40:16;;-2,951142;;4.12.2024. 10:44:48;;1,229068;;4.12.2024. 10:19:52;;117,327484;;4.12.2024. 10:23:40;;4;;4.12.2024. 10:13:04;;20,5242
4.12.2024. 10:09:38;;20,759954;;4.12.2024. 10:24:24;;-3,60108;;4.12.2024. 10:42:32;;0,581257;;4.12.2024. 10:19:52;;117,492928;;4.12.2024. 10:21:06;;5;;4.12.2024. 10:14:08;;20,784;;4.12.2024. 10:38:00;;17,350384;;4.12.2024. 10:42:32;;-2,951142;;4.12.2024. 10:47:04;;1,229068;;4.12.2024. 10:22:08;;117,327484;;4.12.2024. 10:24:24;;6;;4.12.2024. 10:13:56;;20,5242
4.12.2024. 10:10:48;;19,370857;;4.12.2024. 10:26:40;;-3,60108;;4.12.2024. 10:44:48;;0,581257;;4.12.2024. 10:22:08;;117,492928;;4.12.2024. 10:22:08;;4;;4.12.2024. 10:15:20;;21,216999;;4.12.2024. 10:39:06;;17,350384;;4.12.2024. 10:44:48;;-2,951142;;4.12.2024. 10:49:20;;1,229068;;4.12.2024. 10:23:16;;117,327484;;4.12.2024. 10:25:10;;6;;4.12.2024. 10:15:20;;20,853279
4.12.2024. 10:12:48;;19,370857;;4.12.2024. 10:28:56;;-3,60108;;4.12.2024. 10:47:04;;0,581257;;4.12.2024. 10:23:16;;117,492928;;4.12.2024. 10:23:38;;4;;4.12.2024. 10:17:24;;20,57616;;4.12.2024. 10:40:16;;15,942264;;4.12.2024. 10:47:04;;-2,951142;;4.12.2024. 10:51:36;;1,229068;;4.12.2024. 10:24:24;;113,730804;;4.12.2024. 10:26:40;;5;;4.12.2024. 10:17:02;;20,004601
4.12.2024. 10:13:04;;17,947012;;4.12.2024. 10:31:12;;-3,60108;;4.12.2024. 10:49:20;;0,581257;;4.12.2024. 10:24:24;;113,588196;;4.12.2024. 10:24:24;;6;;4.12.2024. 10:17:36;;21,70196;;4.12.2024. 10:42:32;;15,942264;;4.12.2024. 10:49:20;;-2,951142;;4.12.2024. 10:53:52;;1,229068;;4.12.2024. 10:24:34;;113,730804;;4.12.2024. 10:28:56;;5;;4.12.2024. 10:17:36;;21,5634
4.12.2024. 10:14:44;;16,551077;;4.12.2024. 10:33:28;;-3,60108;;4.12.2024. 10:51:36;;0,581257;;4.12.2024. 10:24:34;;113,588196;;4.12.2024. 10:25:42;;6;;4.12.2024. 10:18:20;;21,70196;;4.12.2024. 10:44:48;;15,942264;;4.12.2024. 10:51:36;;-2,951142;;4.12.2024. 10:56:08;;1,229068;;4.12.2024. 10:26:40;;115,246124;;4.12.2024. 10:31:12;;5;;4.12.2024. 10:18:00;;21,5634
4.12.2024. 10:15:20;;20,265482;;4.12.2024. 10:35:44;;-3,60108;;4.12.2024. 10:53:52;;0,581257;;4.12.2024. 10:26:40;;115,223633;;4.12.2024. 10:26:40;;5;;4.12.2024. 10:19:52;;21,07844;;4.12.2024. 10:47:04;;15,942264;;4.12.2024. 10:53:52;;-2,951142;;4.12.2024. 10:58:24;;1,229068;;4.12.2024. 10:28:56;;115,246124;;4.12.2024. 10:33:28;;5;;4.12.2024. 10:19:52;;20,57616
4.12.2024. 10:17:28;;20,265482;;4.12.2024. 10:38:00;;-3,60108;;4.12.2024. 10:56:08;;0,581257;;4.12.2024. 10:28:56;;115,223633;;4.12.2024. 10:28:56;;5;;4.12.2024. 10:22:04;;21,07844;;4.12.2024. 10:49:20;;15,942264;;4.12.2024. 10:56:08;;-2,951142;;4.12.2024. 11:00:40;;1,229068;;4.12.2024. 10:31:12;;115,246124;;4.12.2024. 10:35:44;;5;;4.12.2024. 10:22:08;;20,57616
4.12.2024. 10:17:36;;18,863871;;4.12.2024. 10:40:16;;-3,60108;;4.12.2024. 10:58:24;;0,581257;;4.12.2024. 10:31:12;;115,223633;;4.12.2024. 10:31:12;;5;;4.12.2024. 10:22:08;;20,8706;;4.12.2024. 10:51:32;;14,526782;;4.12.2024. 10:58:24;;-2,951142;;4.12.2024. 11:02:56;;1,229068;;4.12.2024. 10:31:30;;115,246124;;4.12.2024. 10:38:00;;5;;4.12.2024. 10:23:34;;20,680079
4.12.2024. 10:18:34;;21,628611;;4.12.2024. 10:42:32;;-3,60108;;4.12.2024. 11:00:40;;0,581257;;4.12.2024. 10:33:28;;115,223633;;4.12.2024. 10:33:28;;5;;4.12.2024. 10:23:34;;20,8706;;4.12.2024. 10:51:36;;17,114882;;4.12.2024. 11:00:40;;-2,951142;;4.12.2024. 11:05:12;;1,229068;;4.12.2024. 10:33:28;;116,676552;;4.12.2024. 10:40:16;;5;;4.12.2024. 10:24:10;;20,056561
4.12.2024. 10:19:52;;18,862024;;4.12.2024. 10:44:48;;-3,60108;;4.12.2024. 11:02:56;;0,581257;;4.12.2024. 10:35:44;;115,223633;;4.12.2024. 10:35:44;;5;;4.12.2024. 10:24:06;;20,2644;;4.12.2024. 10:53:52;;17,114882;;4.12.2024. 11:02:56;;-2,951142;;4.12.2024. 11:07:28;;1,229068;;4.12.2024. 10:35:44;;116,676552;;4.12.2024. 10:42:32;;5;;4.12.2024. 10:26:40;;20,645439
4.12.2024. 10:20:34;;18,862024;;4.12.2024. 10:45:56;;-3,60108;;4.12.2024. 11:05:12;;0,581257;;4.12.2024. 10:37:28;;115,223633;;4.12.2024. 10:38:00;;5;;4.12.2024. 10:26:14;;21,1304;;4.12.2024. 10:56:08;;17,114882;;4.12.2024. 11:05:12;;-2,951142;;4.12.2024. 11:09:44;;1,229068;;4.12.2024. 10:38:00;;116,676552;;4.12.2024. 10:44:48;;5;;4.12.2024. 10:27:10;;20,645439
4.12.2024. 10:22:08;;17,458406;;4.12.2024. 10:47:04;;-4,128557;;4.12.2024. 11:07:28;;0,581257;;4.12.2024. 10:38:00;;116,655128;;4.12.2024. 10:40:16;;5;;4.12.2024. 10:26:40;;20,853279;;4.12.2024. 10:58:24;;17,114882;;4.12.2024. 11:07:28;;-2,951142;;4.12.2024. 11:12:00;;1,229068;;4.12.2024. 10:40:16;;116,676552;;4.12.2024. 10:47:04;;5;;4.12.2024. 10:28:56;;20,749359
4.12.2024. 10:24:24;;17,458406;;4.12.2024. 10:49:20;;-4,128557;;4.12.2024. 11:09:44;;0,581257;;4.12.2024. 10:40:16;;116,655128;;4.12.2024. 10:42:32;;5;;4.12.2024. 10:27:54;;20,853279;;4.12.2024. 11:00:40;;17,114882;;4.12.2024. 11:09:44;;-2,951142;;4.12.2024. 11:14:16;;1,229068;;4.12.2024. 10:42:32;;116,676552;;4.12.2024. 10:49:20;;5;;4.12.2024. 10:31:12;;20,749359
4.12.2024. 10:26:40;;17,458406;;4.12.2024. 10:51:36;;-4,128557;;4.12.2024. 11:12:00;;0,581257;;4.12.2024. 10:42:32;;116,655128;;4.12.2024. 10:44:48;;5;;4.12.2024. 10:28:56;;20,93988;;4.12.2024. 11:02:56;;17,114882;;4.12.2024. 11:12:00;;-2,951142;;4.12.2024. 11:16:32;;1,229068;;4.12.2024. 10:44:48;;116,676552;;4.12.2024. 10:51:36;;5;;4.12.2024. 10:33:28;;20,749359
4.12.2024. 10:27:44;;17,458406;;4.12.2024. 10:53:52;;-4,128557;;4.12.2024. 11:14:16;;0,581257;;4.12.2024. 10:44:48;;116,655128;;4.12.2024. 10:47:04;;5;;4.12.2024. 10:31:12;;20,93988;;4.12.2024. 11:05:12;;17,114882;;4.12.2024. 11:14:16;;-2,951142;;4.12.2024. 11:18:48;;1,229068;;4.12.2024. 10:47:04;;116,676552;;4.12.2024. 10:53:52;;5;;4.12.2024. 10:35:44;;20,749359
4.12.2024. 10:28:56;;18,890343;;4.12.2024. 10:56:08;;-4,128557;;4.12.2024. 11:16:32;;0,581257;;4.12.2024. 10:47:04;;116,655128;;4.12.2024. 10:49:20;;5;;4.12.2024. 10:33:28;;20,93988;;4.12.2024. 11:05:16;;17,114882;;4.12.2024. 11:16:32;;-2,951142;;4.12.2024. 11:21:04;;1,229068;;4.12.2024. 10:49:20;;116,676552;;4.12.2024. 10:56:02;;5;;4.12.2024. 10:38:00;;20,749359
4.12.2024. 10:29:22;;18,890343;;4.12.2024. 10:58:24;;-4,128557;;4.12.2024. 11:18:48;;0,581257;;4.12.2024. 10:49:20;;116,655128;;4.12.2024. 10:51:36;;5;;4.12.2024. 10:35:44;;20,93988;;4.12.2024. 11:06:32;;14,6241;;4.12.2024. 11:18:48;;-2,951142;;4.12.2024. 11:23:20;;1,229068;;4.12.2024. 10:51:36;;116,676552;;4.12.2024. 10:56:08;;4;;4.12.2024. 10:40:16;;20,749359
4.12.2024. 10:30:06;;17,508368;;4.12.2024. 11:00:40;;-4,128557;;4.12.2024. 11:21:04;;0,581257;;4.12.2024. 10:51:36;;116,655128;;4.12.2024. 10:53:52;;5;;4.12.2024. 10:38:00;;20,93988;;4.12.2024. 11:09:44;;16,057232;;4.12.2024. 11:21:04;;-2,951142;;4.12.2024. 11:25:36;;1,229068;;4.12.2024. 10:53:52;;116,676552;;4.12.2024. 10:58:24;;4;;4.12.2024. 10:42:32;;20,749359
4.12.2024. 10:33:28;;18,876272;;4.12.2024. 11:02:56;;-4,128557;;4.12.2024. 11:23:20;;0,581257;;4.12.2024. 10:53:52;;116,655128;;4.12.2024. 10:56:08;;5;;4.12.2024. 10:40:16;;20,93988;;4.12.2024. 11:12:00;;16,057232;;4.12.2024. 11:23:20;;-2,951142;;4.12.2024. 11:27:52;;1,229068;;4.12.2024. 10:56:08;;116,676552;;4.12.2024. 11:00:40;;4;;4.12.2024. 10:44:48;;20,749359
4.12.2024. 10:35:44;;18,876272;;4.12.2024. 11:05:12;;-4,128557;;4.12.2024. 11:25:36;;0,581257;;4.12.2024. 10:56:08;;116,655128;;4.12.2024. 10:58:24;;5;;4.12.2024. 10:42:32;;20,93988;;4.12.2024. 11:14:16;;16,057232;;4.12.2024. 11:25:36;;-2,951142;;4.12.2024. 11:30:08;;1,229068;;4.12.2024. 10:58:24;;116,676552;;4.12.2024. 11:02:56;;4;;4.12.2024. 10:47:04;;20,749359
4.12.2024. 10:37:18;;18,876272;;4.12.2024. 11:07:28;;-4,128557;;4.12.2024. 11:27:52;;0,581257;;4.12.2024. 10:58:24;;116,655128;;4.12.2024. 11:00:40;;5;;4.12.2024. 10:44:12;;20,93988;;4.12.2024. 11:16:32;;16,057232;;4.12.2024. 11:27:52;;-2,951142;;4.12.2024. 11:32:24;;1,229068;;4.12.2024. 11:00:40;;116,676552;;4.12.2024. 11:05:12;;4;;4.12.2024. 10:49:20;;20,749359
4.12.2024. 10:38:00;;20,258844;;4.12.2024. 11:09:44;;-4,128557;;4.12.2024. 11:30:08;;0,581257;;4.12.2024. 11:00:40;;116,655128;;4.12.2024. 11:02:56;;5;;4.12.2024. 10:44:48;;20,957201;;4.12.2024. 11:18:48;;16,057232;;4.12.2024. 11:30:08;;-2,951142;;4.12.2024. 11:34:40;;1,229068;;4.12.2024. 11:02:56;;116,676552;;4.12.2024. 11:07:28;;4;;4.12.2024. 10:51:36;;20,749359
4.12.2024. 10:40:16;;20,258844;;4.12.2024. 11:12:00;;-4,128557;;4.12.2024. 11:32:24;;0,581257;;4.12.2024. 11:02:56;;116,655128;;4.12.2024. 11:05:12;;5;;4.12.2024. 10:47:04;;20,957201;;4.12.2024. 11:21:04;;16,057232;;4.12.2024. 11:32:24;;-2,951142;;4.12.2024. 11:36:56;;1,229068;;4.12.2024. 11:05:12;;116,676552;;4.12.2024. 11:09:44;;4;;4.12.2024. 10:52:16;;20,749359
4.12.2024. 10:40:22;;20,258844;;4.12.2024. 11:14:16;;-4,128557;;4.12.2024. 11:34:40;;0,581257;;4.12.2024. 11:05:12;;116,655128;;4.12.2024. 11:07:28;;5;;4.12.2024. 10:49:20;;20,957201;;4.12.2024. 11:23:20;;16,057232;;4.12.2024. 11:34:40;;-2,951142;;4.12.2024. 11:39:12;;1,229068;;4.12.2024. 11:07:28;;116,676552;;4.12.2024. 11:12:00;;4;;4.12.2024. 10:53:52;;20,680079
4.12.2024. 10:42:32;;18,84067;;4.12.2024. 11:16:32;;-4,128557;;4.12.2024. 11:36:56;;0,581257;;4.12.2024. 11:07:28;;116,655128;;4.12.2024. 11:09:44;;5;;4.12.2024. 10:51:36;;20,957201;;4.12.2024. 11:25:36;;16,057232;;4.12.2024. 11:36:56;;-2,951142;;4.12.2024. 11:41:28;;1,229068;;4.12.2024. 11:09:44;;116,676552;;4.12.2024. 11:14:16;;4;;4.12.2024. 10:55:24;;20,680079
4.12.2024. 10:42:48;;18,84067;;4.12.2024. 11:18:48;;-4,128557;;4.12.2024. 11:39:12;;0,581257;;4.12.2024. 11:09:44;;116,655128;;4.12.2024. 11:12:00;;5;;4.12.2024. 10:53:52;;20,957201;;4.12.2024. 11:27:52;;16,057232;;4.12.2024. 11:39:12;;-2,951142;;4.12.2024. 11:43:44;;1,229068;;4.12.2024. 11:12:00;;116,676552;;4.12.2024. 11:16:32;;4;;4.12.2024. 10:56:08;;20,62812
4.12.2024. 10:43:28;;17,419724;;4.12.2024. 11:21:04;;-4,128557;;4.12.2024. 11:41:28;;0,581257;;4.12.2024. 11:12:00;;116,655128;;4.12.2024. 11:14:16;;5;;4.12.2024. 10:56:08;;20,957201;;4.12.2024. 11:30:08;;16,057232;;4.12.2024. 11:41:28;;-2,951142;;4.12.2024. 11:46:00;;1,229068;;4.12.2024. 11:14:16;;116,676552;;4.12.2024. 11:18:48;;4;;4.12.2024. 10:56:38;;20,62812
4.12.2024. 10:45:02;;18,784735;;4.12.2024. 11:23:20;;-4,128557;;4.12.2024. 11:43:44;;0,581257;;4.12.2024. 11:14:16;;116,655128;;4.12.2024. 11:16:32;;5;;4.12.2024. 10:58:24;;20,957201;;4.12.2024. 11:32:24;;16,057232;;4.12.2024. 11:43:44;;-2,951142;;4.12.2024. 11:48:16;;1,229068;;4.12.2024. 11:16:32;;116,676552;;4.12.2024. 11:21:04;;4;;4.12.2024. 10:58:24;;20,36832
4.12.2024. 10:47:04;;20,261148;;4.12.2024. 11:25:36;;-4,128557;;4.12.2024. 11:46:00;;0,581257;;4.12.2024. 11:16:32;;116,655128;;4.12.2024. 11:18:48;;5;;4.12.2024. 11:00:40;;20,957201;;4.12.2024. 11:34:40;;16,057232;;4.12.2024. 11:46:00;;-2,951142;;4.12.2024. 11:50:32;;1,229068;;4.12.2024. 11:18:48;;116,676552;;4.12.2024. 11:23:20;;4;;4.12.2024. 11:00:40;;20,36832
4.12.2024. 10:49:20;;20,261148;;4.12.2024. 11:27:52;;-4,128557;;4.12.2024. 11:48:16;;0,581257;;4.12.2024. 11:18:48;;116,655128;;4.12.2024. 11:21:04;;5;;4.12.2024. 11:01:50;;20,957201;;4.12.2024. 11:36:56;;16,057232;;4.12.2024. 11:48:16;;-2,951142;;4.12.2024. 11:52:48;;1,229068;;4.12.2024. 11:21:04;;116,676552;;4.12.2024. 11:25:36;;4;;4.12.2024. 11:01:24;;20,36832
4.12.2024. 10:51:36;;20,261148;;4.12.2024. 11:30:08;;-4,128557;;4.12.2024. 11:49:48;;1,111757;;4.12.2024. 11:21:04;;116,655128;;4.12.2024. 11:23:20;;5;;4.12.2024. 11:02:56;;20,8706;;4.12.2024. 11:39:12;;16,057232;;4.12.2024. 11:50:32;;-2,951142;;4.12.2024. 11:55:04;;1,229068;;4.12.2024. 11:23:20;;116,676552;;4.12.2024. 11:27:52;;4;;4.12.2024. 11:02:56;;20,281719
4.12.2024. 10:53:52;;20,261148;;4.12.2024. 11:32:24;;-4,128557;;4.12.2024. 11:50:32;;0,562576;;4.12.2024. 11:23:20;;116,655128;;4.12.2024. 11:25:36;;5;;4.12.2024. 11:05:12;;20,8706;;4.12.2024. 11:41:28;;16,057232;;4.12.2024. 11:52:48;;-2,951142;;4.12.2024. 11:57:20;;1,229068;;4.12.2024. 11:25:36;;116,676552;;4.12.2024. 11:30:08;;4;;4.12.2024. 11:05:12;;20,281719
4.12.2024. 10:55:50;;20,261148;;4.12.2024. 11:34:40;;-4,128557;;4.12.2024. 11:52:48;;0,562576;;4.12.2024. 11:25:36;;116,655128;;4.12.2024. 11:26:10;;5;;4.12.2024. 11:07:28;;20,8706;;4.12.2024. 11:43:44;;16,057232;;4.12.2024. 11:55:04;;-2,951142;;4.12.2024. 11:59:36;;1,229068;;4.12.2024. 11:27:10;;116,676552;;4.12.2024. 11:31:16;;4;;4.12.2024. 11:07:28;;20,281719
4.12.2024. 10:56:08;;21,772934;;4.12.2024. 11:36:56;;-4,128557;;4.12.2024. 11:55:04;;0,562576;;4.12.2024. 11:27:52;;116,655128;;4.12.2024. 11:27:52;;4;;4.12.2024. 11:09:44;;20,8706;;4.12.2024. 11:46:00;;16,057232;;4.12.2024. 11:57:20;;-2,951142;;4.12.2024. 12:01:52;;1,229068;;4.12.2024. 11:27:52;;118,107216;;4.12.2024. 11:32:24;;5;;4.12.2024. 11:07:34;;20,281719
4.12.2024. 10:58:24;;21,772934;;4.12.2024. 11:39:12;;-4,128557;;4.12.2024. 11:57:20;;0,562576;;4.12.2024. 11:30:08;;116,655128;;4.12.2024. 11:28:38;;4;;4.12.2024. 11:11:46;;20,8706;;4.12.2024. 11:48:16;;16,057232;;4.12.2024. 11:59:36;;-2,951142;;4.12.2024. 12:04:08;;1,229068;;4.12.2024. 11:28:00;;118,107216;;4.12.2024. 11:34:40;;5;;4.12.2024. 11:09:44;;20,333679
4.12.2024. 11:00:40;;21,772934;;4.12.2024. 11:41:28;;-4,128557;;4.12.2024. 11:59:36;;0,562576;;4.12.2024. 11:32:24;;116,655128;;4.12.2024. 11:30:08;;5;;4.12.2024. 11:12:00;;20,905239;;4.12.2024. 11:50:32;;16,057232;;4.12.2024. 12:01:52;;-2,951142;;4.12.2024. 12:06:24;;1,229068;;4.12.2024. 11:30:08;;116,671486;;4.12.2024. 11:35:26;;5;;4.12.2024. 11:12:00;;20,333679
4.12.2024. 11:02:56;;21,772934;;4.12.2024. 11:43:44;;-4,128557;;4.12.2024. 12:01:52;;0,562576;;4.12.2024. 11:34:40;;116,655128;;4.12.2024. 11:32:24;;5;;4.12.2024. 11:14:16;;20,905239;;4.12.2024. 11:52:48;;16,057232;;4.12.2024. 12:04:08;;-2,951142;;4.12.2024. 12:08:40;;1,229068;;4.12.2024. 11:32:24;;116,671486;;4.12.2024. 11:36:56;;4;;4.12.2024. 11:14:16;;20,333679
4.12.2024. 11:05:12;;21,772934;;4.12.2024. 11:46:00;;-4,128557;;4.12.2024. 12:04:08;;0,562576;;4.12.2024. 11:35:40;;116,655128;;4.12.2024. 11:34:40;;5;;4.12.2024. 11:16:32;;20,905239;;4.12.2024. 11:55:04;;16,057232;;4.12.2024. 12:06:24;;-2,951142;;4.12.2024. 12:10:56;;1,229068;;4.12.2024. 11:34:40;;116,671486;;4.12.2024. 11:39:12;;4;;4.12.2024. 11:16:32;;20,333679
4.12.2024. 11:06:16;;21,740639;;4.12.2024. 11:48:16;;-4,128557;;4.12.2024. 12:06:24;;0,562576;;4.12.2024. 11:36:56;;118,106255;;4.12.2024. 11:35:34;;5;;4.12.2024. 11:18:48;;20,905239;;4.12.2024. 11:57:20;;16,057232;;4.12.2024. 12:08:40;;-2,951142;;4.12.2024. 12:13:12;;1,229068;;4.12.2024. 11:35:24;;116,671486;;4.12.2024. 11:41:28;;4;;4.12.2024. 11:18:48;;20,333679
4.12.2024. 11:06:18;;23,264769;;4.12.2024. 11:48:54;;-4,128557;;4.12.2024. 12:08:40;;0,562576;;4.12.2024. 11:39:12;;118,106255;;4.12.2024. 11:36:56;;4;;4.12.2024. 11:19:12;;20,905239;;4.12.2024. 11:59:02;;16,057232;;4.12.2024. 12:10:56;;-2,951142;;4.12.2024. 12:15:28;;1,229068;;4.12.2024. 11:36:56;;118,114372;;4.12.2024. 11:43:44;;4;;4.12.2024. 11:21:04;;20,333679
4.12.2024. 11:08:32;;21,863386;;4.12.2024. 11:49:10;;-4,686282;;4.12.2024. 12:10:56;;0,562576;;4.12.2024. 11:41:28;;118,106255;;4.12.2024. 11:39:12;;4;;4.12.2024. 11:21:04;;20,8706;;4.12.2024. 11:59:36;;14,580651;;4.12.2024. 12:13:12;;-2,951142;;4.12.2024. 12:17:44;;1,229068;;4.12.2024. 11:39:12;;118,114372;;4.12.2024. 11:46:00;;4;;4.12.2024. 11:23:20;;20,333679
4.12.2024. 11:09:44;;20,43071;;4.12.2024. 11:52:48;;-4,166171;;4.12.2024. 12:13:12;;0,562576;;4.12.2024. 11:43:44;;118,106255;;4.12.2024. 11:41:28;;4;;4.12.2024. 11:23:20;;20,8706;;4.12.2024. 12:01:32;;14,580651;;4.12.2024. 12:15:28;;-2,951142;;4.12.2024. 12:20:00;;1,229068;;4.12.2024. 11:41:28;;118,114372;;4.12.2024. 11:48:16;;4;;4.12.2024. 11:25:36;;20,333679
4.12.2024. 11:11:30;;21,798201;;4.12.2024. 11:55:04;;-4,166171;;4.12.2024. 12:15:28;;0,562576;;4.12.2024. 11:46:00;;118,106255;;4.12.2024. 11:43:44;;4;;4.12.2024. 11:25:36;;20,8706;;4.12.2024. 12:01:52;;16,07642;;4.12.2024. 12:17:44;;-2,951142;;4.12.2024. 12:22:16;;1,229068;;4.12.2024. 11:43:44;;118,114372;;4.12.2024. 11:49:44;;4;;4.12.2024. 11:25:54;;20,333679
4.12.2024. 11:12:00;;20,354086;;4.12.2024. 11:57:20;;-4,166171;;4.12.2024. 12:17:44;;0,562576;;4.12.2024. 11:48:16;;118,106255;;4.12.2024. 11:46:00;;4;;4.12.2024. 11:26:46;;21,1304;;4.12.2024. 12:03:20;;16,07642;;4.12.2024. 12:20:00;;-2,951142;;4.12.2024. 12:24:32;;1,229068;;4.12.2024. 11:46:00;;118,114372;;4.12.2024. 11:50:32;;5;;4.12.2024. 11:27:52;;20,57616
4.12.2024. 11:12:28;;20,354086;;4.12.2024. 11:58:02;;-4,166171;;4.12.2024. 12:20:00;;0,562576;;4.12.2024. 11:48:40;;121,054871;;4.12.2024. 11:48:16;;4;;4.12.2024. 11:27:52;;20,8706;;4.12.2024. 12:04:08;;14,388597;;4.12.2024. 12:22:16;;-2,951142;;4.12.2024. 12:26:48;;1,229068;;4.12.2024. 11:48:16;;118,114372;;4.12.2024. 11:52:48;;5;;4.12.2024. 11:28:58;;20,57616
4.12.2024. 11:12:32;;21,732803;;4.12.2024. 11:59:36;;-4,687869;;4.12.2024. 12:22:16;;0,562576;;4.12.2024. 11:50:32;;115,775269;;4.12.2024. 11:49:20;;4;;4.12.2024. 11:30:08;;20,8706;;4.12.2024. 12:06:00;;15,777916;;4.12.2024. 12:24:32;;-2,951142;;4.12.2024. 12:29:04;;1,229068;;4.12.2024. 11:48:40;;121,162315;;4.12.2024. 11:55:04;;5;;4.12.2024. 11:30:08;;20,316359
4.12.2024. 11:16:32;;20,362116;;4.12.2024. 12:01:52;;-4,687869;;4.12.2024. 12:24:32;;0,562576;;4.12.2024. 11:52:48;;115,775269;;4.12.2024. 11:50:32;;5;;4.12.2024. 11:30:46;;20,8706;;4.12.2024. 12:06:24;;14,226501;;4.12.2024. 12:26:48;;-2,951142;;4.12.2024. 12:31:20;;1,229068;;4.12.2024. 11:50:32;;115,844749;;4.12.2024. 11:57:20;;5;;4.12.2024. 11:31:54;;20,316359
4.12.2024. 11:18:00;;20,362116;;4.12.2024. 12:03:44;;-4,687869;;4.12.2024. 12:24:42;;0,562576;;4.12.2024. 11:55:04;;115,775269;;4.12.2024. 11:52:48;;5;;4.12.2024. 11:32:24;;20,83596;;4.12.2024. 12:06:58;;14,226501;;4.12.2024. 12:29:04;;-2,951142;;4.12.2024. 12:33:36;;1,229068;;4.12.2024. 11:52:48;;115,844749;;4.12.2024. 11:58:26;;5;;4.12.2024. 11:32:24;;20,541519
4.12.2024. 11:18:32;;21,745104;;4.12.2024. 12:04:08;;-4,067845;;4.12.2024. 12:26:48;;1,082962;;4.12.2024. 11:57:20;;115,775269;;4.12.2024. 11:55:04;;5;;4.12.2024. 11:34:40;;20,83596;;4.12.2024. 12:08:40;;16,057585;;4.12.2024. 12:31:20;;-2,951142;;4.12.2024. 12:35:52;;1,229068;;4.12.2024. 11:55:04;;115,844749;;4.12.2024. 11:59:36;;6;;4.12.2024. 11:34:40;;20,541519
4.12.2024. 11:19:28;;20,366842;;4.12.2024. 12:04:20;;-4,067845;;4.12.2024. 12:29:04;;1,082962;;4.12.2024. 11:57:52;;115,775269;;4.12.2024. 11:57:20;;5;;4.12.2024. 11:35:56;;20,83596;;4.12.2024. 12:10:56;;16,057585;;4.12.2024. 12:33:36;;-2,951142;;4.12.2024. 12:38:08;;1,229068;;4.12.2024. 11:57:20;;115,844749;;4.12.2024. 11:59:46;;6;;4.12.2024. 11:35:14;;20,541519
4.12.2024. 11:20:10;;21,966021;;4.12.2024. 12:06:24;;-4,659183;;4.12.2024. 12:31:20;;1,082962;;4.12.2024. 11:59:14;;114,298332;;4.12.2024. 11:58:00;;5;;4.12.2024. 11:36:56;;20,957201;;4.12.2024. 12:13:12;;16,057585;;4.12.2024. 12:35:52;;-2,951142;;4.12.2024. 12:40:24;;1,229068;;4.12.2024. 11:57:52;;115,844749;;4.12.2024. 12:01:52;;4;;4.12.2024. 11:36:08;;20,92256
4.12.2024. 11:23:20;;20,470922;;4.12.2024. 12:08:40;;-4,659183;;4.12.2024. 12:33:36;;1,082962;;4.12.2024. 12:01:38;;117,190948;;4.12.2024. 11:59:28;;7;;4.12.2024. 11:39:12;;20,957201;;4.12.2024. 12:15:28;;16,057585;;4.12.2024. 12:38:08;;-2,951142;;4.12.2024. 12:42:40;;1,229068;;4.12.2024. 11:59:14;;114,385612;;4.12.2024. 12:02:08;;4;;4.12.2024. 11:39:12;;20,697399
4.12.2024. 11:25:36;;20,470922;;4.12.2024. 12:10:56;;-4,659183;;4.12.2024. 12:35:52;;1,082962;;4.12.2024. 12:01:52;;115,751442;;4.12.2024. 11:59:54;;6;;4.12.2024. 11:41:28;;20,957201;;4.12.2024. 12:17:44;;16,057585;;4.12.2024. 12:40:24;;-2,951142;;4.12.2024. 12:44:56;;1,229068;;4.12.2024. 11:59:48;;115,821404;;4.12.2024. 12:04:00;;6;;4.12.2024. 11:41:28;;20,697399
4.12.2024. 11:27:52;;20,470922;;4.12.2024. 12:13:12;;-4,659183;;4.12.2024. 12:38:08;;1,082962;;4.12.2024. 12:03:20;;112,803108;;4.12.2024. 12:01:52;;5;;4.12.2024. 11:43:44;;20,957201;;4.12.2024. 12:20:00;;16,057585;;4.12.2024. 12:42:40;;-2,951142;;4.12.2024. 12:47:12;;1,229068;;4.12.2024. 12:01:34;;117,323959;;4.12.2024. 12:05:32;;3;;4.12.2024. 11:43:44;;20,697399
4.12.2024. 11:28:20;;20,470922;;4.12.2024. 12:15:28;;-4,659183;;4.12.2024. 12:40:24;;1,082962;;4.12.2024. 12:04:08;;117,207817;;4.12.2024. 12:02:22;;5;;4.12.2024. 11:46:00;;20,957201;;4.12.2024. 12:22:16;;16,057585;;4.12.2024. 12:44:56;;-2,951142;;4.12.2024. 12:49:28;;1,229068;;4.12.2024. 12:03:20;;113,017036;;4.12.2024. 12:06:24;;5;;4.12.2024. 11:46:00;;20,697399
4.12.2024. 11:30:08;;19,058357;;4.12.2024. 12:17:44;;-4,659183;;4.12.2024. 12:42:40;;1,082962;;4.12.2024. 12:05:08;;118,697769;;4.12.2024. 12:03:46;;7;;4.12.2024. 11:48:16;;20,957201;;4.12.2024. 12:24:32;;16,057585;;4.12.2024. 12:47:12;;-2,951142;;4.12.2024. 12:51:44;;1,229068;;4.12.2024. 12:04:08;;117,347572;;4.12.2024. 12:08:40;;5;;4.12.2024. 11:48:16;;20,697399
4.12.2024. 11:31:50;;20,474424;;4.12.2024. 12:20:00;;-4,659183;;4.12.2024. 12:44:56;;1,082962;;4.12.2024. 12:05:52;;112,908539;;4.12.2024. 12:05:40;;4;;4.12.2024. 11:48:42;;20,957201;;4.12.2024. 12:26:48;;16,057585;;4.12.2024. 12:49:28;;-2,951142;;4.12.2024. 12:54:00;;1,229068;;4.12.2024. 12:05:08;;118,842552;;4.12.2024. 12:10:56;;5;;4.12.2024. 11:49:28;;20,697399
4.12.2024. 11:32:24;;19,047377;;4.12.2024. 12:22:16;;-4,659183;;4.12.2024. 12:47:12;;1,082962;;4.12.2024. 12:08:40;;115,996475;;4.12.2024. 12:06:24;;6;;4.12.2024. 11:50:32;;20,66276;;4.12.2024. 12:29:04;;16,057585;;4.12.2024. 12:51:44;;-2,951142;;4.12.2024. 12:56:16;;1,229068;;4.12.2024. 12:05:52;;113,010117;;4.12.2024. 12:13:12;;5;;4.12.2024. 11:50:28;;20,2644
4.12.2024. 11:33:16;;19,047377;;4.12.2024. 12:24:32;;-4,659183;;4.12.2024. 12:49:28;;1,082962;;4.12.2024. 12:10:56;;115,996475;;4.12.2024. 12:08:40;;6;;4.12.2024. 11:51:28;;20,66276;;4.12.2024. 12:31:20;;16,057585;;4.12.2024. 12:54:00;;-2,951142;;4.12.2024. 12:58:32;;1,229068;;4.12.2024. 12:08:40;;114,893951;;4.12.2024. 12:15:28;;5;;4.12.2024. 11:52:48;;20,489559
4.12.2024. 11:34:40;;20,485147;;4.12.2024. 12:26:48;;-4,659183;;4.12.2024. 12:51:44;;1,082962;;4.12.2024. 12:13:12;;115,996475;;4.12.2024. 12:10:56;;6;;4.12.2024. 11:52:48;;20,801321;;4.12.2024. 12:33:36;;16,057585;;4.12.2024. 12:56:16;;-2,951142;;4.12.2024. 13:00:48;;1,229068;;4.12.2024. 12:10:56;;114,893951;;4.12.2024. 12:17:44;;5;;4.12.2024. 11:55:04;;20,489559
4.12.2024. 11:36:56;;20,485147;;4.12.2024. 12:29:04;;-4,659183;;4.12.2024. 12:54:00;;1,082962;;4.12.2024. 12:14:06;;114,538071;;4.12.2024. 12:13:12;;6;;4.12.2024. 11:55:04;;20,801321;;4.12.2024. 12:35:52;;16,057585;;4.12.2024. 12:58:32;;-2,951142;;4.12.2024. 13:03:04;;1,229068;;4.12.2024. 12:13:12;;114,893951;;4.12.2024. 12:18:30;;5;;4.12.2024. 11:56:42;;20,489559
4.12.2024. 11:39:12;;20,485147;;4.12.2024. 12:31:20;;-4,659183;;4.12.2024. 12:56:16;;1,082962;;4.12.2024. 12:15:28;;115,998779;;4.12.2024. 12:14:44;;6;;4.12.2024. 11:56:00;;20,801321;;4.12.2024. 12:38:08;;16,057585;;4.12.2024. 13:00:48;;-2,951142;;4.12.2024. 13:05:20;;1,229068;;4.12.2024. 12:14:10;;114,893951;;4.12.2024. 12:20:00;;6;;4.12.2024. 11:57:20;;20,57616
4.12.2024. 11:39:58;;20,485147;;4.12.2024. 12:33:36;;-4,659183;;4.12.2024. 12:58:32;;1,082962;;4.12.2024. 12:17:40;;115,998779;;4.12.2024. 12:15:28;;5;;4.12.2024. 11:57:20;;20,97452;;4.12.2024. 12:40:24;;16,057585;;4.12.2024. 13:03:04;;-2,951142;;4.12.2024. 13:07:36;;1,229068;;4.12.2024. 12:15:28;;116,35302;;4.12.2024. 12:20:02;;6;;4.12.2024. 11:59:12;;20,21244
4.12.2024. 11:41:26;;22,167921;;4.12.2024. 12:35:52;;-4,659183;;4.12.2024. 13:00:48;;1,082962;;4.12.2024. 12:17:44;;114,511551;;4.12.2024. 12:17:44;;5;;4.12.2024. 11:59:14;;20,680079;;4.12.2024. 12:42:40;;16,057585;;4.12.2024. 13:05:20;;-2,951142;;4.12.2024. 13:09:52;;1,229068;;4.12.2024. 12:17:14;;116,35302;;4.12.2024. 12:22:16;;4;;4.12.2024. 11:59:36;;20,801321
4.12.2024. 11:43:14;;20,793732;;4.12.2024. 12:38:08;;-4,659183;;4.12.2024. 13:03:04;;1,082962;;4.12.2024. 12:19:44;;114,511551;;4.12.2024. 12:17:54;;5;;4.12.2024. 11:59:36;;21,372881;;4.12.2024. 12:44:56;;16,057585;;4.12.2024. 13:07:36;;-2,951142;;4.12.2024. 13:12:08;;1,229068;;4.12.2024. 12:17:44;;114,920631;;4.12.2024. 12:24:12;;6;;4.12.2024. 12:01:24;;20,801321
4.12.2024. 11:43:44;;19,412764;;4.12.2024. 12:40:24;;-4,659183;;4.12.2024. 13:05:20;;1,082962;;4.12.2024. 12:20:00;;115,979317;;4.12.2024. 12:20:00;;6;;4.12.2024. 12:01:08;;21,372881;;4.12.2024. 12:47:12;;16,057585;;4.12.2024. 13:09:52;;-2,951142;;4.12.2024. 13:14:24;;1,229068;;4.12.2024. 12:19:58;;114,920631;;4.12.2024. 12:24:32;;4;;4.12.2024. 12:01:52;;20,36832
4.12.2024. 11:44:32;;19,412764;;4.12.2024. 12:42:40;;-4,659183;;4.12.2024. 13:07:36;;1,082962;;4.12.2024. 12:21:48;;117,420837;;4.12.2024. 12:20:20;;6;;4.12.2024. 12:01:52;;21,23432;;4.12.2024. 12:49:28;;16,057585;;4.12.2024. 13:12:08;;-2,951142;;4.12.2024. 13:16:40;;1,229068;;4.12.2024. 12:20:00;;116,357071;;4.12.2024. 12:25:12;;4;;4.12.2024. 12:03:18;;20,125839
4.12.2024. 11:46:00;;20,820639;;4.12.2024. 12:44:56;;-4,659183;;4.12.2024. 13:09:52;;1,082962;;4.12.2024. 12:22:16;;114,527222;;4.12.2024. 12:22:16;;5;;4.12.2024. 12:03:26;;20,5242;;4.12.2024. 12:51:44;;16,057585;;4.12.2024. 13:14:24;;-2,951142;;4.12.2024. 13:18:56;;1,229068;;4.12.2024. 12:21:42;;117,802521;;4.12.2024. 12:26:48;;5;;4.12.2024. 12:04:08;;20,957201
4.12.2024. 11:48:10;;20,820639;;4.12.2024. 12:47:12;;-4,659183;;4.12.2024. 13:12:08;;1,082962;;4.12.2024. 12:23:38;;113,066704;;4.12.2024. 12:24:04;;7;;4.12.2024. 12:04:08;;21,268959;;4.12.2024. 12:54:00;;16,057585;;4.12.2024. 13:16:40;;-2,951142;;4.12.2024. 13:21:12;;1,229068;;4.12.2024. 12:22:16;;114,92968;;4.12.2024. 12:29:04;;5;;4.12.2024. 12:04:54;;20,957201
4.12.2024. 11:48:16;;19,422161;;4.12.2024. 12:49:28;;-4,659183;;4.12.2024. 13:14:24;;1,082962;;4.12.2024. 12:24:32;;118,963806;;4.12.2024. 12:24:32;;5;;4.12.2024. 12:05:24;;21,35556;;4.12.2024. 12:56:16;;16,057585;;4.12.2024. 13:18:56;;-2,951142;;4.12.2024. 13:23:28;;1,229068;;4.12.2024. 12:23:38;;113,48674;;4.12.2024. 12:31:20;;5;;4.12.2024. 12:06:14;;19,88336
4.12.2024. 11:48:32;;19,422161;;4.12.2024. 12:51:10;;-4,659183;;4.12.2024. 13:16:40;;1,082962;;4.12.2024. 12:24:36;;120,396339;;4.12.2024. 12:25:14;;4;;4.12.2024. 12:06:08;;20,16048;;4.12.2024. 12:58:32;;16,057585;;4.12.2024. 13:21:12;;-2,951142;;4.12.2024. 13:25:44;;1,229068;;4.12.2024. 12:24:32;;119,255669;;4.12.2024. 12:33:36;;5;;4.12.2024. 12:08:40;;20,45492
4.12.2024. 11:49:04;;23,625189;;4.12.2024. 12:51:44;;-4,12621;;4.12.2024. 13:18:56;;1,082962;;4.12.2024. 12:26:48;;115,546227;;4.12.2024. 12:26:48;;5;;4.12.2024. 12:07:26;;20,818642;;4.12.2024. 13:00:48;;16,057585;;4.12.2024. 13:23:28;;-2,951142;;4.12.2024. 13:28:00;;1,229068;;4.12.2024. 12:24:36;;119,255669;;4.12.2024. 12:35:52;;5;;4.12.2024. 12:10:14;;20,45492
4.12.2024. 11:52:48;;20,741369;;4.12.2024. 12:54:00;;-4,12621;;4.12.2024. 13:21:12;;1,082962;;4.12.2024. 12:29:04;;115,546227;;4.12.2024. 12:29:04;;5;;4.12.2024. 12:08:40;;20,957201;;4.12.2024. 13:03:04;;16,057585;;4.12.2024. 13:25:44;;-2,951142;;4.12.2024. 13:30:16;;1,229068;;4.12.2024. 12:26:48;;115,709633;;4.12.2024. 12:38:08;;5;;4.12.2024. 12:10:56;;20,489559
4.12.2024. 11:53:02;;20,741369;;4.12.2024. 12:56:16;;-4,12621;;4.12.2024. 13:23:28;;1,082962;;4.12.2024. 12:31:20;;115,546227;;4.12.2024. 12:31:20;;5;;4.12.2024. 12:10:56;;20,957201;;4.12.2024. 13:05:20;;16,057585;;4.12.2024. 13:28:00;;-2,951142;;4.12.2024. 13:32:32;;1,229068;;4.12.2024. 12:29:04;;115,709633;;4.12.2024. 12:40:24;;5;;4.12.2024. 12:13:12;;20,489559
4.12.2024. 11:55:04;;22,154783;;4.12.2024. 12:58:32;;-4,12621;;4.12.2024. 13:25:44;;1,082962;;4.12.2024. 12:33:36;;115,546227;;4.12.2024. 12:33:36;;5;;4.12.2024. 12:13:08;;20,957201;;4.12.2024. 13:07:36;;16,057585;;4.12.2024. 13:30:16;;-2,951142;;4.12.2024. 13:34:48;;1,229068;;4.12.2024. 12:31:20;;115,709633;;4.12.2024. 12:42:40;;5;;4.12.2024. 12:15:28;;20,489559
4.12.2024. 11:57:20;;22,154783;;4.12.2024. 13:00:48;;-4,12621;;4.12.2024. 13:28:00;;1,082962;;4.12.2024. 12:35:52;;115,546227;;4.12.2024. 12:35:52;;5;;4.12.2024. 12:13:12;;20,97452;;4.12.2024. 13:09:52;;16,057585;;4.12.2024. 13:32:32;;-2,951142;;4.12.2024. 13:37:04;;1,229068;;4.12.2024. 12:33:36;;115,709633;;4.12.2024. 12:44:56;;5;;4.12.2024. 12:16:58;;20,645439
4.12.2024. 11:57:34;;22,154783;;4.12.2024. 13:02:42;;-4,12621;;4.12.2024. 13:30:16;;1,082962;;4.12.2024. 12:38:08;;115,546227;;4.12.2024. 12:38:08;;5;;4.12.2024. 12:15:28;;20,97452;;4.12.2024. 13:12:08;;16,057585;;4.12.2024. 13:34:48;;-2,951142;;4.12.2024. 13:39:20;;1,229068;;4.12.2024. 12:35:52;;115,709633;;4.12.2024. 12:47:12;;5;;4.12.2024. 12:17:44;;20,472239
4.12.2024. 11:58:12;;25,102358;;4.12.2024. 13:03:04;;-4,657012;;4.12.2024. 13:32:32;;1,082962;;4.12.2024. 12:39:42;;116,977974;;4.12.2024. 12:40:24;;5;;4.12.2024. 12:16:44;;20,97452;;4.12.2024. 13:14:24;;16,057585;;4.12.2024. 13:37:04;;-2,951142;;4.12.2024. 13:41:36;;1,229068;;4.12.2024. 12:38:08;;115,709633;;4.12.2024. 12:47:26;;5;;4.12.2024. 12:19:02;;20,229761
4.12.2024. 12:01:52;;22,343199;;4.12.2024. 13:05:20;;-4,657012;;4.12.2024. 13:34:48;;1,082962;;4.12.2024. 12:40:24;;115,528999;;4.12.2024. 12:41:52;;5;;4.12.2024. 12:17:44;;20,784;;4.12.2024. 13:16:40;;16,057585;;4.12.2024. 13:39:20;;-2,951142;;4.12.2024. 13:43:52;;1,229068;;4.12.2024. 12:40:24;;115,709633;;4.12.2024. 12:49:28;;4;;4.12.2024. 12:20:00;;20,57616
4.12.2024. 12:03:44;;22,343199;;4.12.2024. 13:07:36;;-4,657012;;4.12.2024. 13:37:04;;1,082962;;4.12.2024. 12:42:40;;115,528999;;4.12.2024. 12:42:40;;6;;4.12.2024. 12:19:50;;20,76668;;4.12.2024. 13:18:56;;16,057585;;4.12.2024. 13:41:36;;-2,951142;;4.12.2024. 13:46:08;;1,229068;;4.12.2024. 12:42:40;;115,709633;;4.12.2024. 12:51:44;;4;;4.12.2024. 12:21:00;;20,88792
4.12.2024. 12:04:08;;20,673479;;4.12.2024. 13:09:52;;-4,657012;;4.12.2024. 13:39:20;;1,082962;;4.12.2024. 12:44:56;;115,528999;;4.12.2024. 12:44:56;;6;;4.12.2024. 12:20:00;;21,09576;;4.12.2024. 13:21:12;;16,057585;;4.12.2024. 13:43:52;;-2,951142;;4.12.2024. 13:48:24;;1,229068;;4.12.2024. 12:44:56;;115,709633;;4.12.2024. 12:54:00;;4;;4.12.2024. 12:22:16;;20,0912
4.12.2024. 12:04:14;;20,673479;;4.12.2024. 13:12:08;;-4,657012;;4.12.2024. 13:41:36;;1,082962;;4.12.2024. 12:46:48;;115,528999;;4.12.2024. 12:47:12;;6;;4.12.2024. 12:22:08;;21,09576;;4.12.2024. 13:23:28;;16,057585;;4.12.2024. 13:46:08;;-2,951142;;4.12.2024. 13:50:40;;1,229068;;4.12.2024. 12:46:48;;115,709633;;4.12.2024. 12:56:16;;4;;4.12.2024. 12:23:14;;20,0912
4.12.2024. 12:06:00;;23,511393;;4.12.2024. 13:14:24;;-4,657012;;4.12.2024. 13:43:52;;1,082962;;4.12.2024. 12:47:12;;117,445007;;4.12.2024. 12:49:28;;5;;4.12.2024. 12:22:16;;20,6108;;4.12.2024. 13:25:44;;16,057585;;4.12.2024. 13:48:24;;-2,951142;;4.12.2024. 13:52:56;;1,229068;;4.12.2024. 12:47:12;;117,515633;;4.12.2024. 12:58:32;;4;;4.12.2024. 12:24:32;;20,853279
4.12.2024. 12:07:02;;22,054552;;4.12.2024. 13:16:40;;-4,657012;;4.12.2024. 13:46:08;;1,082962;;4.12.2024. 12:49:28;;117,445007;;4.12.2024. 12:50:58;;5;;4.12.2024. 12:23:54;;20,6108;;4.12.2024. 13:28:00;;16,057585;;4.12.2024. 13:50:40;;-2,951142;;4.12.2024. 13:55:12;;1,229068;;4.12.2024. 12:49:28;;117,515633;;4.12.2024. 13:00:48;;4;;4.12.2024. 12:25:06;;20,853279
4.12.2024. 12:07:36;;23,500998;;4.12.2024. 13:18:56;;-4,657012;;4.12.2024. 13:48:24;;1,082962;;4.12.2024. 12:51:44;;117,445007;;4.12.2024. 12:51:44;;4;;4.12.2024. 12:24:32;;21,407518;;4.12.2024. 13:30:16;;16,057585;;4.12.2024. 13:52:56;;-2,951142;;4.12.2024. 13:57:28;;1,229068;;4.12.2024. 12:51:44;;117,515633;;4.12.2024. 13:03:04;;4;;4.12.2024. 12:25:54;;20,281719
4.12.2024. 12:10:56;;23,480646;;4.12.2024. 13:21:12;;-4,657012;;4.12.2024. 13:50:40;;1,082962;;4.12.2024. 12:54:00;;117,445007;;4.12.2024. 12:54:00;;4;;4.12.2024. 12:25:00;;21,407518;;4.12.2024. 13:32:32;;16,057585;;4.12.2024. 13:55:12;;-2,951142;;4.12.2024. 13:59:44;;1,229068;;4.12.2024. 12:54:00;;117,515633;;4.12.2024. 13:05:20;;4;;4.12.2024. 12:29:04;;20,50688
4.12.2024. 12:13:12;;23,480646;;4.12.2024. 13:23:28;;-4,657012;;4.12.2024. 13:52:56;;1,082962;;4.12.2024. 12:56:16;;117,445007;;4.12.2024. 12:56:16;;4;;4.12.2024. 12:26:48;;20,749359;;4.12.2024. 13:34:48;;16,057585;;4.12.2024. 13:57:28;;-2,951142;;4.12.2024. 14:02:00;;1,229068;;4.12.2024. 12:56:16;;117,515633;;4.12.2024. 13:07:36;;4;;4.12.2024. 12:31:20;;20,50688
4.12.2024. 12:14:20;;23,480646;;4.12.2024. 13:25:44;;-4,657012;;4.12.2024. 13:55:12;;1,082962;;4.12.2024. 12:58:32;;117,445007;;4.12.2024. 12:58:32;;4;;4.12.2024. 12:29:04;;20,749359;;4.12.2024. 13:37:04;;16,057585;;4.12.2024. 13:59:44;;-2,951142;;4.12.2024. 14:04:16;;1,229068;;4.12.2024. 12:58:32;;117,515633;;4.12.2024. 13:09:52;;4;;4.12.2024. 12:32:04;;20,50688
4.12.2024. 12:15:28;;22,093122;;4.12.2024. 13:28:00;;-4,657012;;4.12.2024. 13:57:28;;1,082962;;4.12.2024. 13:00:48;;117,445007;;4.12.2024. 13:00:48;;4;;4.12.2024. 12:31:20;;20,749359;;4.12.2024. 13:39:20;;16,057585;;4.12.2024. 14:02:00;;-2,951142;;4.12.2024. 14:06:32;;1,229068;;4.12.2024. 13:00:48;;117,515633;;4.12.2024. 13:12:08;;4;;4.12.2024. 12:33:36;;20,55884
4.12.2024. 12:16:32;;22,093122;;4.12.2024. 13:30:16;;-4,657012;;4.12.2024. 13:59:44;;1,082962;;4.12.2024. 13:03:04;;117,445007;;4.12.2024. 13:03:04;;4;;4.12.2024. 12:31:36;;20,749359;;4.12.2024. 13:41:36;;16,057585;;4.12.2024. 14:04:16;;-2,951142;;4.12.2024. 14:08:48;;1,229068;;4.12.2024. 13:03:04;;117,515633;;4.12.2024. 13:14:24;;4;;4.12.2024. 12:34:38;;20,55884
4.12.2024. 12:16:54;;23,523798;;4.12.2024. 13:32:32;;-4,657012;;4.12.2024. 14:02:00;;1,082962;;4.12.2024. 13:05:20;;117,445007;;4.12.2024. 13:05:20;;4;;4.12.2024. 12:33:36;;20,92256;;4.12.2024. 13:43:52;;16,057585;;4.12.2024. 14:06:32;;-2,951142;;4.12.2024. 14:11:04;;1,229068;;4.12.2024. 13:05:20;;117,515633;;4.12.2024. 13:16:40;;4;;4.12.2024. 12:35:52;;20,437601
4.12.2024. 12:19:24;;22,136629;;4.12.2024. 13:34:48;;-4,657012;;4.12.2024. 14:04:16;;1,082962;;4.12.2024. 13:07:36;;117,445007;;4.12.2024. 13:07:36;;4;;4.12.2024. 12:34:22;;20,92256;;4.12.2024. 13:45:16;;17,653711;;4.12.2024. 14:08:48;;-2,951142;;4.12.2024. 14:13:20;;1,229068;;4.12.2024. 13:07:36;;117,515633;;4.12.2024. 13:18:56;;4;;4.12.2024. 12:37:52;;20,437601
4.12.2024. 12:19:32;;23,799311;;4.12.2024. 13:37:04;;-4,657012;;4.12.2024. 14:06:32;;1,082962;;4.12.2024. 13:09:52;;117,445007;;4.12.2024. 13:09:52;;4;;4.12.2024. 12:35:52;;20,784;;4.12.2024. 13:46:08;;16,035624;;4.12.2024. 14:11:04;;-2,951142;;4.12.2024. 14:15:36;;1,229068;;4.12.2024. 13:09:52;;117,515633;;4.12.2024. 13:21:12;;4;;4.12.2024. 12:38:08;;20,680079
4.12.2024. 12:22:16;;23,724726;;4.12.2024. 13:39:20;;-4,657012;;4.12.2024. 14:08:48;;1,082962;;4.12.2024. 13:12:08;;117,445007;;4.12.2024. 13:12:08;;4;;4.12.2024. 12:37:18;;20,645439;;4.12.2024. 13:48:24;;16,035624;;4.12.2024. 14:13:20;;-2,951142;;4.12.2024. 14:17:52;;1,229068;;4.12.2024. 13:12:08;;117,515633;;4.12.2024. 13:23:28;;4;;4.12.2024. 12:40:24;;20,680079
4.12.2024. 12:24:32;;23,724726;;4.12.2024. 13:41:36;;-4,657012;;4.12.2024. 14:11:04;;1,082962;;4.12.2024. 13:14:24;;117,445007;;4.12.2024. 13:14:24;;4;;4.12.2024. 12:38:08;;20,853279;;4.12.2024. 13:50:40;;16,035624;;4.12.2024. 14:15:36;;-2,951142;;4.12.2024. 14:20:08;;1,229068;;4.12.2024. 13:14:24;;117,515633;;4.12.2024. 13:25:44;;4;;4.12.2024. 12:40:44;;20,680079
4.12.2024. 12:25:02;;25,095991;;4.12.2024. 13:43:52;;-4,657012;;4.12.2024. 14:13:20;;1,082962;;4.12.2024. 13:16:40;;117,445007;;4.12.2024. 13:16:40;;4;;4.12.2024. 12:38:32;;20,853279;;4.12.2024. 13:52:56;;16,035624;;4.12.2024. 14:17:52;;-2,951142;;4.12.2024. 14:22:24;;1,229068;;4.12.2024. 13:16:40;;117,515633;;4.12.2024. 13:28:00;;4;;4.12.2024. 12:42:40;;20,437601
4.12.2024. 12:26:48;;23,688654;;4.12.2024. 13:46:08;;-4,657012;;4.12.2024. 14:15:36;;1,082962;;4.12.2024. 13:18:56;;117,445007;;4.12.2024. 13:18:56;;4;;4.12.2024. 12:40:24;;21,061119;;4.12.2024. 13:55:12;;16,035624;;4.12.2024. 14:18:00;;-2,951142;;4.12.2024. 14:24:40;;1,229068;;4.12.2024. 13:18:56;;117,515633;;4.12.2024. 13:30:16;;4;;4.12.2024. 12:44:56;;20,437601
4.12.2024. 12:29:04;;23,688654;;4.12.2024. 13:48:24;;-4,657012;;4.12.2024. 14:17:52;;1,082962;;4.12.2024. 13:21:12;;117,445007;;4.12.2024. 13:21:12;;4;;4.12.2024. 12:40:28;;21,061119;;4.12.2024. 13:57:28;;16,035624;;4.12.2024. 14:20:08;;-3,493426;;4.12.2024. 14:26:56;;1,229068;;4.12.2024. 13:21:12;;117,515633;;4.12.2024. 13:32:32;;4;;4.12.2024. 12:46:48;;20,437601
4.12.2024. 12:31:20;;23,688654;;4.12.2024. 13:50:40;;-4,657012;;4.12.2024. 14:20:08;;1,082962;;4.12.2024. 13:23:28;;117,445007;;4.12.2024. 13:23:28;;4;;4.12.2024. 12:42:40;;20,853279;;4.12.2024. 13:59:44;;16,035624;;4.12.2024. 14:21:50;;-3,493426;;4.12.2024. 14:29:12;;1,229068;;4.12.2024. 13:23:28;;117,515633;;4.12.2024. 13:34:48;;4;;4.12.2024. 12:47:12;;20,55884
4.12.2024. 12:33:36;;23,688654;;4.12.2024. 13:52:56;;-4,657012;;4.12.2024. 14:22:24;;1,082962;;4.12.2024. 13:25:44;;117,445007;;4.12.2024. 13:25:44;;4;;4.12.2024. 12:43:38;;20,853279;;4.12.2024. 14:02:00;;16,035624;;4.12.2024. 14:22:24;;-2,973232;;4.12.2024. 14:31:28;;1,229068;;4.12.2024. 13:25:44;;117,515633;;4.12.2024. 13:37:04;;4;;4.12.2024. 12:49:28;;20,55884
4.12.2024. 12:35:52;;23,688654;;4.12.2024. 13:55:12;;-4,657012;;4.12.2024. 14:24:40;;1,082962;;4.12.2024. 13:28:00;;117,445007;;4.12.2024. 13:28:00;;4;;4.12.2024. 12:44:56;;21,061119;;4.12.2024. 14:04:16;;16,035624;;4.12.2024. 14:24:40;;-2,973232;;4.12.2024. 14:33:44;;1,229068;;4.12.2024. 13:28:00;;117,515633;;4.12.2024. 13:39:20;;4;;4.12.2024. 12:51:44;;20,55884
4.12.2024. 12:38:08;;23,688654;;4.12.2024. 13:57:28;;-4,657012;;4.12.2024. 14:26:56;;1,082962;;4.12.2024. 13:30:16;;117,445007;;4.12.2024. 13:30:16;;4;;4.12.2024. 12:47:12;;21,061119;;4.12.2024. 14:06:32;;16,035624;;4.12.2024. 14:26:56;;-2,973232;;4.12.2024. 14:36:00;;1,229068;;4.12.2024. 13:30:16;;117,515633;;4.12.2024. 13:41:36;;4;;4.12.2024. 12:54:00;;20,55884
4.12.2024. 12:39:22;;22,311407;;4.12.2024. 13:59:44;;-4,657012;;4.12.2024. 14:29:12;;1,082962;;4.12.2024. 13:32:32;;117,445007;;4.12.2024. 13:32:32;;4;;4.12.2024. 12:49:28;;21,061119;;4.12.2024. 14:08:48;;16,035624;;4.12.2024. 14:29:12;;-2,973232;;4.12.2024. 14:38:16;;1,229068;;4.12.2024. 13:32:32;;117,515633;;4.12.2024. 13:43:52;;4;;4.12.2024. 12:55:30;;20,55884
4.12.2024. 12:40:16;;23,846254;;4.12.2024. 14:02:00;;-4,657012;;4.12.2024. 14:31:28;;1,082962;;4.12.2024. 13:34:48;;117,445007;;4.12.2024. 13:34:48;;4;;4.12.2024. 12:51:38;;21,216999;;4.12.2024. 14:11:04;;16,035624;;4.12.2024. 14:31:28;;-2,973232;;4.12.2024. 14:40:32;;1,229068;;4.12.2024. 13:34:48;;117,515633;;4.12.2024. 13:46:08;;4;;4.12.2024. 12:56:16;;20,437601
4.12.2024. 12:42:40;;22,449118;;4.12.2024. 14:04:16;;-4,657012;;4.12.2024. 14:33:44;;1,082962;;4.12.2024. 13:37:04;;117,445007;;4.12.2024. 13:37:04;;4;;4.12.2024. 12:51:44;;20,93988;;4.12.2024. 14:13:20;;16,035624;;4.12.2024. 14:33:44;;-2,973232;;4.12.2024. 14:42:48;;1,229068;;4.12.2024. 13:37:04;;117,515633;;4.12.2024. 13:48:24;;4;;4.12.2024. 12:58:32;;20,437601
4.12.2024. 12:44:56;;22,449118;;4.12.2024. 14:06:32;;-4,657012;;4.12.2024. 14:36:00;;1,082962;;4.12.2024. 13:39:20;;117,445007;;4.12.2024. 13:39:20;;4;;4.12.2024. 12:54:00;;20,93988;;4.12.2024. 14:15:36;;16,035624;;4.12.2024. 14:36:00;;-2,973232;;4.12.2024. 14:45:04;;1,229068;;4.12.2024. 13:39:20;;117,515633;;4.12.2024. 13:50:40;;4;;4.12.2024. 13:00:48;;20,437601
4.12.2024. 12:47:12;;22,449118;;4.12.2024. 14:08:48;;-4,657012;;4.12.2024. 14:38:16;;1,082962;;4.12.2024. 13:41:36;;117,445007;;4.12.2024. 13:41:36;;4;;4.12.2024. 12:54:50;;20,93988;;4.12.2024. 14:17:52;;16,035624;;4.12.2024. 14:38:16;;-2,973232;;4.12.2024. 14:47:20;;1,229068;;4.12.2024. 13:41:36;;117,515633;;4.12.2024. 13:52:56;;4;;4.12.2024. 13:03:04;;20,437601
4.12.2024. 12:49:28;;22,449118;;4.12.2024. 14:11:04;;-4,657012;;4.12.2024. 14:40:32;;1,082962;;4.12.2024. 13:43:52;;117,445007;;4.12.2024. 13:43:52;;4;;4.12.2024. 12:56:16;;20,76668;;4.12.2024. 14:18:00;;16,035624;;4.12.2024. 14:40:32;;-2,973232;;4.12.2024. 14:49:36;;1,229068;;4.12.2024. 13:43:52;;117,515633;;4.12.2024. 13:55:12;;4;;4.12.2024. 13:05:20;;20,437601
4.12.2024. 12:49:54;;22,449118;;4.12.2024. 14:12:26;;-4,657012;;4.12.2024. 14:42:48;;1,082962;;4.12.2024. 13:46:08;;117,445007;;4.12.2024. 13:46:08;;4;;4.12.2024. 12:58:32;;20,76668;;4.12.2024. 14:18:16;;17,651728;;4.12.2024. 14:42:48;;-2,973232;;4.12.2024. 14:51:52;;1,229068;;4.12.2024. 13:46:08;;117,515633;;4.12.2024. 13:57:28;;4;;4.12.2024. 13:07:36;;20,437601
4.12.2024. 12:51:44;;21,063021;;4.12.2024. 14:13:20;;-4,123065;;4.12.2024. 14:45:04;;1,082962;;4.12.2024. 13:48:24;;117,445007;;4.12.2024. 13:48:24;;4;;4.12.2024. 13:00:48;;20,76668;;4.12.2024. 14:22:24;;16,275951;;4.12.2024. 14:45:04;;-2,973232;;4.12.2024. 14:54:08;;1,229068;;4.12.2024. 13:48:24;;117,515633;;4.12.2024. 13:59:44;;4;;4.12.2024. 13:09:52;;20,437601
4.12.2024. 12:54:00;;21,063021;;4.12.2024. 14:15:36;;-4,123065;;4.12.2024. 14:47:20;;1,082962;;4.12.2024. 13:50:40;;117,445007;;4.12.2024. 13:50:40;;4;;4.12.2024. 13:03:04;;20,76668;;4.12.2024. 14:24:40;;16,275951;;4.12.2024. 14:47:20;;-2,973232;;4.12.2024. 14:56:24;;1,229068;;4.12.2024. 13:50:40;;117,515633;;4.12.2024. 14:02:00;;4;;4.12.2024. 13:12:08;;20,437601
4.12.2024. 12:56:16;;21,063021;;4.12.2024. 14:17:52;;-4,123065;;4.12.2024. 14:49:36;;1,082962;;4.12.2024. 13:52:56;;117,445007;;4.12.2024. 13:52:56;;4;;4.12.2024. 13:05:20;;20,76668;;4.12.2024. 14:25:16;;16,275951;;4.12.2024. 14:49:36;;-2,973232;;4.12.2024. 14:58:40;;1,229068;;4.12.2024. 13:52:56;;117,515633;;4.12.2024. 14:03:34;;4;;4.12.2024. 13:14:24;;20,437601
4.12.2024. 12:58:32;;21,063021;;4.12.2024. 14:20:08;;-4,123065;;4.12.2024. 14:51:52;;1,082962;;4.12.2024. 13:55:12;;117,445007;;4.12.2024. 13:55:12;;4;;4.12.2024. 13:07:36;;20,76668;;4.12.2024. 14:26:56;;14,399985;;4.12.2024. 14:51:52;;-2,973232;;4.12.2024. 15:00:56;;1,229068;;4.12.2024. 13:55:12;;117,515633;;4.12.2024. 14:04:16;;3;;4.12.2024. 13:16:40;;20,437601
4.12.2024. 13:00:48;;21,063021;;4.12.2024. 14:22:24;;-4,123065;;4.12.2024. 14:54:08;;1,082962;;4.12.2024. 13:57:28;;117,445007;;4.12.2024. 13:57:28;;4;;4.12.2024. 13:09:52;;20,76668;;4.12.2024. 14:27:32;;14,399985;;4.12.2024. 14:54:08;;-2,973232;;4.12.2024. 15:03:12;;1,229068;;4.12.2024. 13:57:28;;117,515633;;4.12.2024. 14:06:32;;3;;4.12.2024. 13:18:56;;20,437601
4.12.2024. 13:00:56;;21,063021;;4.12.2024. 14:24:40;;-4,123065;;4.12.2024. 14:56:24;;1,082962;;4.12.2024. 13:59:44;;117,445007;;4.12.2024. 13:59:44;;4;;4.12.2024. 13:10:36;;20,76668;;4.12.2024. 14:29:12;;15,97424;;4.12.2024. 14:56:24;;-2,973232;;4.12.2024. 15:05:28;;1,229068;;4.12.2024. 13:59:44;;117,515633;;4.12.2024. 14:08:48;;3;;4.12.2024. 13:21:12;;20,437601
4.12.2024. 13:03:04;;22,436897;;4.12.2024. 14:26:56;;-4,123065;;4.12.2024. 14:58:40;;1,082962;;4.12.2024. 14:02:00;;117,445007;;4.12.2024. 14:02:00;;4;;4.12.2024. 13:12:08;;20,749359;;4.12.2024. 14:31:28;;15,97424;;4.12.2024. 14:58:40;;-2,973232;;4.12.2024. 15:07:44;;1,229068;;4.12.2024. 14:02:00;;117,515633;;4.12.2024. 14:11:04;;3;;4.12.2024. 13:23:28;;20,437601
4.12.2024. 13:04:16;;22,436897;;4.12.2024. 14:29:12;;-4,123065;;4.12.2024. 15:00:56;;1,082962;;4.12.2024. 14:04:04;;117,445007;;4.12.2024. 14:04:16;;4;;4.12.2024. 13:14:24;;20,749359;;4.12.2024. 14:33:44;;15,97424;;4.12.2024. 15:00:56;;-2,973232;;4.12.2024. 15:10:00;;1,229068;;4.12.2024. 14:04:04;;117,515633;;4.12.2024. 14:13:20;;3;;4.12.2024. 13:25:44;;20,437601
4.12.2024. 13:05:20;;23,832273;;4.12.2024. 14:31:28;;-4,123065;;4.12.2024. 15:03:12;;1,082962;;4.12.2024. 14:04:16;;118,922028;;4.12.2024. 14:06:32;;4;;4.12.2024. 13:16:40;;20,749359;;4.12.2024. 14:36:00;;15,97424;;4.12.2024. 15:03:12;;-2,973232;;4.12.2024. 15:12:16;;1,229068;;4.12.2024. 14:04:16;;119,065056;;4.12.2024. 14:15:36;;3;;4.12.2024. 13:28:00;;20,437601
4.12.2024. 13:05:38;;23,832273;;4.12.2024. 14:33:44;;-4,123065;;4.12.2024. 15:05:28;;1,082962;;4.12.2024. 14:06:32;;118,922028;;4.12.2024. 14:08:48;;4;;4.12.2024. 13:18:56;;20,749359;;4.12.2024. 14:38:16;;15,97424;;4.12.2024. 15:05:28;;-2,973232;;4.12.2024. 15:14:32;;1,229068;;4.12.2024. 14:06:32;;119,065056;;4.12.2024. 14:17:52;;3;;4.12.2024. 13:30:16;;20,437601
4.12.2024. 13:07:36;;22,336267;;4.12.2024. 14:36:00;;-4,123065;;4.12.2024. 15:07:44;;1,082962;;4.12.2024. 14:08:48;;118,922028;;4.12.2024. 14:10:20;;4;;4.12.2024. 13:21:12;;20,749359;;4.12.2024. 14:40:32;;15,97424;;4.12.2024. 15:07:44;;-2,973232;;4.12.2024. 15:16:48;;1,229068;;4.12.2024. 14:08:48;;119,065056;;4.12.2024. 14:20:08;;3;;4.12.2024. 13:31:46;;20,437601
4.12.2024. 13:09:52;;22,336267;;4.12.2024. 14:37:00;;-4,123065;;4.12.2024. 15:10:00;;1,082962;;4.12.2024. 14:11:04;;118,922028;;4.12.2024. 14:11:04;;3;;4.12.2024. 13:23:28;;20,749359;;4.12.2024. 14:42:48;;15,97424;;4.12.2024. 15:10:00;;-2,973232;;4.12.2024. 15:19:04;;1,229068;;4.12.2024. 14:11:04;;119,065056;;4.12.2024. 14:22:24;;3;;4.12.2024. 13:32:32;;20,42028
4.12.2024. 13:12:08;;22,336267;;4.12.2024. 14:38:16;;-4,644042;;4.12.2024. 15:12:16;;1,082962;;4.12.2024. 14:13:20;;118,922028;;4.12.2024. 14:13:20;;3;;4.12.2024. 13:25:44;;20,749359;;4.12.2024. 14:45:04;;15,97424;;4.12.2024. 15:12:16;;-2,973232;;4.12.2024. 15:21:20;;1,229068;;4.12.2024. 14:13:20;;119,065056;;4.12.2024. 14:24:40;;3;;4.12.2024. 13:34:48;;20,42028
4.12.2024. 13:14:24;;22,336267;;4.12.2024. 14:40:32;;-4,644042;;4.12.2024. 15:14:32;;1,082962;;4.12.2024. 14:15:36;;118,922028;;4.12.2024. 14:15:36;;3;;4.12.2024. 13:28:00;;20,749359;;4.12.2024. 14:47:20;;15,97424;;4.12.2024. 15:14:32;;-2,973232;;4.12.2024. 15:23:36;;1,229068;;4.12.2024. 14:15:36;;119,065056;;4.12.2024. 14:25:48;;5;;4.12.2024. 13:37:04;;20,42028
4.12.2024. 13:16:40;;22,336267;;4.12.2024. 14:42:48;;-4,644042;;4.12.2024. 15:16:48;;1,082962;;4.12.2024. 14:17:52;;118,922028;;4.12.2024. 14:17:52;;3;;4.12.2024. 13:30:16;;20,749359;;4.12.2024. 14:49:36;;15,97424;;4.12.2024. 15:16:48;;-2,973232;;4.12.2024. 15:25:52;;1,229068;;4.12.2024. 14:17:52;;119,065056;;4.12.2024. 14:26:56;;3;;4.12.2024. 13:39:20;;20,42028
4.12.2024. 13:18:20;;22,336267;;4.12.2024. 14:45:04;;-4,644042;;4.12.2024. 15:19:04;;1,082962;;4.12.2024. 14:20:08;;118,922028;;4.12.2024. 14:20:08;;3;;4.12.2024. 13:32:32;;20,749359;;4.12.2024. 14:51:52;;15,97424;;4.12.2024. 15:19:04;;-2,973232;;4.12.2024. 15:28:08;;1,229068;;4.12.2024. 14:20:08;;119,065056;;4.12.2024. 14:29:12;;3;;4.12.2024. 13:41:36;;20,42028
4.12.2024. 13:18:56;;23,804514;;4.12.2024. 14:47:20;;-4,644042;;4.12.2024. 15:21:20;;1,082962;;4.12.2024. 14:22:24;;118,922028;;4.12.2024. 14:22:24;;3;;4.12.2024. 13:34:48;;20,749359;;4.12.2024. 14:54:08;;15,97424;;4.12.2024. 15:21:20;;-2,973232;;4.12.2024. 15:30:24;;1,229068;;4.12.2024. 14:22:24;;119,065056;;4.12.2024. 14:31:28;;3;;4.12.2024. 13:43:52;;20,42028
4.12.2024. 13:21:12;;23,804514;;4.12.2024. 14:49:36;;-4,644042;;4.12.2024. 15:23:36;;1,082962;;4.12.2024. 14:24:28;;118,922028;;4.12.2024. 14:24:40;;3;;4.12.2024. 13:37:04;;20,749359;;4.12.2024. 14:56:24;;15,97424;;4.12.2024. 15:23:36;;-2,973232;;4.12.2024. 15:32:40;;1,229068;;4.12.2024. 14:24:28;;119,065056;;4.12.2024. 14:33:44;;3;;4.12.2024. 13:46:08;;20,42028
4.12.2024. 13:21:28;;23,804514;;4.12.2024. 14:51:52;;-4,644042;;4.12.2024. 15:25:52;;1,082962;;4.12.2024. 14:24:40;;114,417671;;4.12.2024. 14:25:54;;5;;4.12.2024. 13:39:20;;20,749359;;4.12.2024. 14:58:40;;15,97424;;4.12.2024. 15:25:52;;-2,973232;;4.12.2024. 15:34:56;;1,229068;;4.12.2024. 14:24:40;;114,503639;;4.12.2024. 14:36:00;;3;;4.12.2024. 13:48:24;;20,42028
4.12.2024. 13:22:18;;22,405115;;4.12.2024. 14:54:08;;-4,644042;;4.12.2024. 15:28:08;;1,082962;;4.12.2024. 14:25:18;;114,417671;;4.12.2024. 14:26:56;;3;;4.12.2024. 13:41:36;;20,749359;;4.12.2024. 15:00:56;;15,97424;;4.12.2024. 15:28:08;;-2,973232;;4.12.2024. 15:37:12;;1,229068;;4.12.2024. 14:25:18;;114,503639;;4.12.2024. 14:38:16;;3;;4.12.2024. 13:49:00;;20,42028
4.12.2024. 13:24:28;;23,773981;;4.12.2024. 14:56:24;;-4,644042;;4.12.2024. 15:30:24;;1,082962;;4.12.2024. 14:26:06;;121,714874;;4.12.2024. 14:29:12;;3;;4.12.2024. 13:43:52;;20,749359;;4.12.2024. 15:03:12;;15,97424;;4.12.2024. 15:30:24;;-2,973232;;4.12.2024. 15:39:28;;1,229068;;4.12.2024. 14:26:06;;121,746758;;4.12.2024. 14:40:06;;4;;4.12.2024. 13:50:40;;20,437601
4.12.2024. 13:25:44;;22,392096;;4.12.2024. 14:58:40;;-4,644042;;4.12.2024. 15:32:40;;1,082962;;4.12.2024. 14:29:12;;118,56353;;4.12.2024. 14:31:28;;3;;4.12.2024. 13:46:08;;20,749359;;4.12.2024. 15:05:28;;15,97424;;4.12.2024. 15:32:40;;-2,973232;;4.12.2024. 15:41:44;;1,229068;;4.12.2024. 14:29:12;;118,66964;;4.12.2024. 14:40:32;;3;;4.12.2024. 13:52:56;;20,437601
4.12.2024. 13:28:00;;22,392096;;4.12.2024. 15:00:56;;-4,644042;;4.12.2024. 15:34:56;;1,082962;;4.12.2024. 14:31:28;;118,56353;;4.12.2024. 14:33:44;;3;;4.12.2024. 13:48:24;;20,749359;;4.12.2024. 15:07:44;;15,97424;;4.12.2024. 15:34:56;;-2,973232;;4.12.2024. 15:44:00;;1,229068;;4.12.2024. 14:31:28;;118,66964;;4.12.2024. 14:42:00;;2;;4.12.2024. 13:55:12;;20,437601
4.12.2024. 13:30:16;;22,392096;;4.12.2024. 15:03:12;;-4,644042;;4.12.2024. 15:37:12;;1,082962;;4.12.2024. 14:33:44;;118,56353;;4.12.2024. 14:36:00;;3;;4.12.2024. 13:50:40;;20,749359;;4.12.2024. 15:10:00;;15,97424;;4.12.2024. 15:37:12;;-2,973232;;4.12.2024. 15:46:16;;1,229068;;4.12.2024. 14:33:44;;118,66964;;4.12.2024. 14:42:48;;3;;4.12.2024. 13:57:28;;20,437601
4.12.2024. 13:32:32;;22,392096;;4.12.2024. 15:05:28;;-4,644042;;4.12.2024. 15:39:28;;1,082962;;4.12.2024. 14:36:00;;118,56353;;4.12.2024. 14:38:16;;3;;4.12.2024. 13:52:56;;20,749359;;4.12.2024. 15:12:16;;15,97424;;4.12.2024. 15:39:28;;-2,973232;;4.12.2024. 15:48:32;;1,229068;;4.12.2024. 14:36:00;;118,66964;;4.12.2024. 14:45:04;;3;;4.12.2024. 13:59:44;;20,437601
4.12.2024. 13:34:48;;22,392096;;4.12.2024. 15:07:44;;-4,644042;;4.12.2024. 15:41:44;;1,082962;;4.12.2024. 14:38:16;;118,56353;;4.12.2024. 14:38:40;;3;;4.12.2024. 13:55:12;;20,749359;;4.12.2024. 15:14:32;;15,97424;;4.12.2024. 15:41:44;;-2,973232;;4.12.2024. 15:50:48;;1,229068;;4.12.2024. 14:38:16;;118,66964;;4.12.2024. 14:47:20;;3;;4.12.2024. 14:02:00;;20,437601
4.12.2024. 13:37:04;;22,392096;;4.12.2024. 15:10:00;;-4,644042;;4.12.2024. 15:44:00;;1,082962;;4.12.2024. 14:39:28;;117,128983;;4.12.2024. 14:40:32;;4;;4.12.2024. 13:57:28;;20,749359;;4.12.2024. 15:16:48;;15,97424;;4.12.2024. 15:44:00;;-2,973232;;4.12.2024. 15:53:04;;1,229068;;4.12.2024. 14:39:28;;117,22744;;4.12.2024. 14:49:36;;3;;4.12.2024. 14:02:58;;20,437601
4.12.2024. 13:39:20;;22,392096;;4.12.2024. 15:12:16;;-4,644042;;4.12.2024. 15:46:16;;1,082962;;4.12.2024. 14:40:32;;120,009781;;4.12.2024. 14:40:34;;4;;4.12.2024. 13:58:42;;20,749359;;4.12.2024. 15:19:04;;15,97424;;4.12.2024. 15:46:16;;-2,973232;;4.12.2024. 15:55:20;;1,229068;;4.12.2024. 14:40:32;;120,099411;;4.12.2024. 14:51:52;;3;;4.12.2024. 14:04:16;;20,73204
4.12.2024. 13:41:36;;22,392096;;4.12.2024. 15:14:32;;-4,644042;;4.12.2024. 15:48:32;;1,082962;;4.12.2024. 14:42:48;;120,009781;;4.12.2024. 14:42:48;;3;;4.12.2024. 13:59:44;;20,801321;;4.12.2024. 15:21:20;;15,97424;;4.12.2024. 15:48:32;;-2,973232;;4.12.2024. 15:57:36;;1,229068;;4.12.2024. 14:42:48;;120,099411;;4.12.2024. 14:53:44;;3;;4.12.2024. 14:06:32;;20,55884
4.12.2024. 13:42:26;;22,392096;;4.12.2024. 15:16:48;;-4,644042;;4.12.2024. 15:50:48;;1,082962;;4.12.2024. 14:44:12;;120,009781;;4.12.2024. 14:45:04;;3;;4.12.2024. 14:02:00;;20,801321;;4.12.2024. 15:23:36;;15,97424;;4.12.2024. 15:50:48;;-2,973232;;4.12.2024. 15:59:52;;1,229068;;4.12.2024. 14:44:12;;120,099411;;4.12.2024. 14:54:08;;4;;4.12.2024. 14:08:48;;20,55884
4.12.2024. 13:43:48;;23,989206;;4.12.2024. 15:19:04;;-4,644042;;4.12.2024. 15:53:04;;1,082962;;4.12.2024. 14:45:04;;118,543045;;4.12.2024. 14:47:20;;3;;4.12.2024. 14:03:06;;20,801321;;4.12.2024. 15:25:52;;15,97424;;4.12.2024. 15:53:04;;-2,973232;;4.12.2024. 16:02:08;;1,229068;;4.12.2024. 14:45:04;;118,659271;;4.12.2024. 14:56:14;;4;;4.12.2024. 14:11:04;;20,55884
4.12.2024. 13:44:26;;22,595003;;4.12.2024. 15:21:20;;-4,644042;;4.12.2024. 15:55:20;;1,082962;;4.12.2024. 14:47:20;;118,543045;;4.12.2024. 14:49:28;;3;;4.12.2024. 14:04:16;;21,09576;;4.12.2024. 15:28:08;;15,97424;;4.12.2024. 15:55:20;;-2,973232;;4.12.2024. 16:04:24;;1,229068;;4.12.2024. 14:47:20;;118,659271;;4.12.2024. 14:56:24;;5;;4.12.2024. 14:11:50;;20,55884
4.12.2024. 13:46:08;;24,093981;;4.12.2024. 15:23:36;;-4,644042;;4.12.2024. 15:57:36;;1,082962;;4.12.2024. 14:49:36;;118,543045;;4.12.2024. 14:49:36;;4;;4.12.2024. 14:06:32;;21,09576;;4.12.2024. 15:30:24;;15,97424;;4.12.2024. 15:57:36;;-2,973232;;4.12.2024. 16:06:40;;1,229068;;4.12.2024. 14:49:36;;118,659271;;4.12.2024. 14:58:40;;5;;4.12.2024. 14:13:20;;20,5242
4.12.2024. 13:48:20;;22,723539;;4.12.2024. 15:25:52;;-4,644042;;4.12.2024. 15:59:52;;1,082962;;4.12.2024. 14:51:52;;118,543045;;4.12.2024. 14:51:52;;4;;4.12.2024. 14:08:02;;21,09576;;4.12.2024. 15:32:40;;15,97424;;4.12.2024. 15:59:52;;-2,973232;;4.12.2024. 16:08:56;;1,229068;;4.12.2024. 14:51:52;;118,659271;;4.12.2024. 15:00:56;;5;;4.12.2024. 14:15:36;;20,5242
4.12.2024. 13:48:24;;24,111254;;4.12.2024. 15:28:08;;-4,644042;;4.12.2024. 16:02:08;;1,082962;;4.12.2024. 14:53:20;;118,543045;;4.12.2024. 14:54:08;;4;;4.12.2024. 14:08:48;;21,14772;;4.12.2024. 15:34:56;;15,97424;;4.12.2024. 16:02:08;;-2,973232;;4.12.2024. 16:11:12;;1,229068;;4.12.2024. 14:53:20;;118,659271;;4.12.2024. 15:03:12;;5;;4.12.2024. 14:17:12;;20,5242
4.12.2024. 13:50:40;;24,111254;;4.12.2024. 15:30:24;;-4,644042;;4.12.2024. 16:04:24;;1,082962;;4.12.2024. 14:54:08;;117,112434;;4.12.2024. 14:55:04;;4;;4.12.2024. 14:11:04;;21,14772;;4.12.2024. 15:37:12;;15,97424;;4.12.2024. 16:04:24;;-2,973232;;4.12.2024. 16:13:28;;1,229068;;4.12.2024. 14:54:08;;117,229225;;4.12.2024. 15:05:28;;5;;4.12.2024. 14:17:52;;20,472239
4.12.2024. 13:52:56;;24,111254;;4.12.2024. 15:32:40;;-4,644042;;4.12.2024. 16:06:40;;1,082962;;4.12.2024. 14:56:00;;117,112434;;4.12.2024. 14:56:24;;5;;4.12.2024. 14:11:06;;21,14772;;4.12.2024. 15:39:28;;15,97424;;4.12.2024. 16:06:40;;-2,973232;;4.12.2024. 16:15:44;;1,229068;;4.12.2024. 14:55:58;;117,229225;;4.12.2024. 15:07:44;;5;;4.12.2024. 14:20:08;;20,472239
4.12.2024. 13:55:12;;24,111254;;4.12.2024. 15:34:56;;-4,644042;;4.12.2024. 16:08:56;;1,082962;;4.12.2024. 14:56:24;;115,679604;;4.12.2024. 14:58:40;;5;;4.12.2024. 14:13:20;;20,818642;;4.12.2024. 15:41:44;;15,97424;;4.12.2024. 16:08:56;;-2,973232;;4.12.2024. 16:18:00;;1,229068;;4.12.2024. 14:56:24;;115,790955;;4.12.2024. 15:10:00;;5;;4.12.2024. 14:22:24;;20,472239
4.12.2024. 13:56:26;;24,111254;;4.12.2024. 15:37:12;;-4,644042;;4.12.2024. 16:11:12;;1,082962;;4.12.2024. 14:58:40;;115,679604;;4.12.2024. 15:00:56;;5;;4.12.2024. 14:15:36;;20,818642;;4.12.2024. 15:44:00;;15,97424;;4.12.2024. 16:11:12;;-2,973232;;4.12.2024. 16:20:16;;1,229068;;4.12.2024. 14:58:40;;115,790955;;4.12.2024. 15:12:16;;5;;4.12.2024. 14:24:40;;20,472239
4.12.2024. 13:57:28;;22,738853;;4.12.2024. 15:39:28;;-4,644042;;4.12.2024. 16:13:28;;1,082962;;4.12.2024. 15:00:56;;115,679604;;4.12.2024. 15:03:12;;5;;4.12.2024. 14:17:52;;20,818642;;4.12.2024. 15:46:16;;15,97424;;4.12.2024. 16:13:28;;-2,973232;;4.12.2024. 16:22:32;;1,229068;;4.12.2024. 15:00:56;;115,790955;;4.12.2024. 15:14:32;;5;;4.12.2024. 14:25:16;;19,710159
4.12.2024. 13:59:36;;22,738853;;4.12.2024. 15:41:44;;-4,644042;;4.12.2024. 16:15:44;;1,082962;;4.12.2024. 15:03:12;;115,679604;;4.12.2024. 15:05:28;;5;;4.12.2024. 14:20:08;;20,818642;;4.12.2024. 15:48:32;;15,97424;;4.12.2024. 16:15:44;;-2,973232;;4.12.2024. 16:24:48;;1,229068;;4.12.2024. 15:03:12;;115,790955;;4.12.2024. 15:16:48;;5;;4.12.2024. 14:26:24;;21,14772
4.12.2024. 13:59:40;;24,305305;;4.12.2024. 15:44:00;;-4,644042;;4.12.2024. 16:18:00;;1,082962;;4.12.2024. 15:05:28;;115,679604;;4.12.2024. 15:07:44;;5;;4.12.2024. 14:22:24;;20,818642;;4.12.2024. 15:50:48;;15,97424;;4.12.2024. 16:18:00;;-2,973232;;4.12.2024. 16:27:04;;1,229068;;4.12.2024. 15:05:28;;115,790955;;4.12.2024. 15:19:04;;5;;4.12.2024. 14:28:24;;20,57616
4.12.2024. 14:02:00;;22,904007;;4.12.2024. 15:46:16;;-4,644042;;4.12.2024. 16:20:16;;1,082962;;4.12.2024. 15:07:44;;115,679604;;4.12.2024. 15:10:00;;5;;4.12.2024. 14:24:40;;20,818642;;4.12.2024. 15:53:04;;15,97424;;4.12.2024. 16:20:16;;-2,973232;;4.12.2024. 16:29:20;;1,229068;;4.12.2024. 15:07:44;;115,790955;;4.12.2024. 15:21:20;;5;;4.12.2024. 14:29:12;;20,489559
4.12.2024. 14:04:16;;22,904007;;4.12.2024. 15:48:32;;-4,644042;;4.12.2024. 16:22:32;;1,082962;;4.12.2024. 15:10:00;;115,679604;;4.12.2024. 15:12:16;;5;;4.12.2024. 14:25:18;;19,952641;;4.12.2024. 15:55:20;;15,97424;;4.12.2024. 16:22:32;;-2,973232;;4.12.2024. 16:31:36;;1,229068;;4.12.2024. 15:10:00;;115,790955;;4.12.2024. 15:23:36;;5;;4.12.2024. 14:31:28;;20,489559
4.12.2024. 14:05:58;;22,904007;;4.12.2024. 15:50:48;;-4,644042;;4.12.2024. 16:24:48;;1,082962;;4.12.2024. 15:12:16;;115,679604;;4.12.2024. 15:14:32;;5;;4.12.2024. 14:26:30;;21,35556;;4.12.2024. 15:57:36;;15,97424;;4.12.2024. 16:24:48;;-2,973232;;4.12.2024. 16:33:52;;1,229068;;4.12.2024. 15:12:16;;115,790955;;4.12.2024. 15:25:52;;5;;4.12.2024. 14:33:44;;20,489559
4.12.2024. 14:06:32;;21,525663;;4.12.2024. 15:53:04;;-4,644042;;4.12.2024. 16:27:04;;1,082962;;4.12.2024. 15:14:32;;115,679604;;4.12.2024. 15:16:48;;5;;4.12.2024. 14:28:08;;20,818642;;4.12.2024. 15:59:52;;15,97424;;4.12.2024. 16:27:04;;-2,973232;;4.12.2024. 16:36:08;;1,229068;;4.12.2024. 15:14:32;;115,790955;;4.12.2024. 15:26:54;;4;;4.12.2024. 14:35:40;;20,489559
4.12.2024. 14:08:48;;21,525663;;4.12.2024. 15:55:20;;-4,644042;;4.12.2024. 16:29:20;;1,082962;;4.12.2024. 15:16:48;;115,679604;;4.12.2024. 15:19:04;;5;;4.12.2024. 14:29:12;;20,697399;;4.12.2024. 16:02:08;;15,97424;;4.12.2024. 16:29:20;;-2,973232;;4.12.2024. 16:38:24;;1,229068;;4.12.2024. 15:16:48;;115,790955;;4.12.2024. 15:28:08;;5;;4.12.2024. 14:36:00;;20,62812
4.12.2024. 14:11:04;;21,525663;;4.12.2024. 15:57:36;;-4,644042;;4.12.2024. 16:31:36;;1,082962;;4.12.2024. 15:19:04;;115,679604;;4.12.2024. 15:21:20;;5;;4.12.2024. 14:31:28;;20,697399;;4.12.2024. 16:04:24;;15,97424;;4.12.2024. 16:31:36;;-2,973232;;4.12.2024. 16:40:40;;1,229068;;4.12.2024. 15:19:04;;115,790955;;4.12.2024. 15:30:24;;5;;4.12.2024. 14:37:02;;20,62812
4.12.2024. 14:13:20;;21,525663;;4.12.2024. 15:59:52;;-4,644042;;4.12.2024. 16:33:52;;1,082962;;4.12.2024. 15:21:20;;115,679604;;4.12.2024. 15:23:36;;5;;4.12.2024. 14:33:44;;20,697399;;4.12.2024. 16:06:40;;15,97424;;4.12.2024. 16:33:52;;-2,973232;;4.12.2024. 16:42:56;;1,229068;;4.12.2024. 15:21:20;;115,790955;;4.12.2024. 15:32:40;;5;;4.12.2024. 14:38:16;;20,40296
4.12.2024. 14:15:14;;20,149857;;4.12.2024. 16:02:08;;-4,644042;;4.12.2024. 16:36:08;;1,082962;;4.12.2024. 15:23:36;;115,679604;;4.12.2024. 15:25:52;;5;;4.12.2024. 14:35:40;;20,697399;;4.12.2024. 16:08:56;;15,97424;;4.12.2024. 16:36:08;;-2,973232;;4.12.2024. 16:45:12;;1,229068;;4.12.2024. 15:23:36;;115,790955;;4.12.2024. 15:34:56;;5;;4.12.2024. 14:39:46;;20,40296
4.12.2024. 14:15:36;;21,529449;;4.12.2024. 16:04:24;;-4,644042;;4.12.2024. 16:38:24;;1,082962;;4.12.2024. 15:25:26;;115,679604;;4.12.2024. 15:26:52;;4;;4.12.2024. 14:36:00;;20,83596;;4.12.2024. 16:11:12;;15,97424;;4.12.2024. 16:38:24;;-2,973232;;4.12.2024. 16:47:28;;1,229068;;4.12.2024. 15:25:26;;115,790955;;4.12.2024. 15:37:12;;5;;4.12.2024. 14:40:32;;20,88792
4.12.2024. 14:16:06;;21,529449;;4.12.2024. 16:06:40;;-4,644042;;4.12.2024. 16:40:40;;1,082962;;4.12.2024. 15:25:52;;117,728584;;4.12.2024. 15:28:08;;5;;4.12.2024. 14:37:10;;20,83596;;4.12.2024. 16:13:28;;15,97424;;4.12.2024. 16:40:40;;-2,973232;;4.12.2024. 16:49:44;;1,229068;;4.12.2024. 15:25:52;;117,797783;;4.12.2024. 15:39:28;;5;;4.12.2024. 14:41:06;;20,88792
4.12.2024. 14:17:50;;20,151373;;4.12.2024. 16:08:56;;-4,644042;;4.12.2024. 16:42:56;;1,082962;;4.12.2024. 15:26:16;;117,728584;;4.12.2024. 15:30:24;;5;;4.12.2024. 14:38:16;;20,645439;;4.12.2024. 16:15:44;;15,97424;;4.12.2024. 16:42:56;;-2,973232;;4.12.2024. 16:52:00;;1,229068;;4.12.2024. 15:26:16;;117,797783;;4.12.2024. 15:41:44;;5;;4.12.2024. 14:42:36;;20,24708
4.12.2024. 14:20:08;;21,519913;;4.12.2024. 16:11:12;;-4,644042;;4.12.2024. 16:45:12;;1,082962;;4.12.2024. 15:28:08;;115,459389;;4.12.2024. 15:32:40;;5;;4.12.2024. 14:39:32;;20,645439;;4.12.2024. 16:18:00;;15,97424;;4.12.2024. 16:45:12;;-2,973232;;4.12.2024. 16:54:16;;1,229068;;4.12.2024. 15:28:08;;115,542458;;4.12.2024. 15:44:00;;5;;4.12.2024. 14:45:04;;20,50688
4.12.2024. 14:22:24;;21,519913;;4.12.2024. 16:13:28;;-4,644042;;4.12.2024. 16:47:28;;1,082962;;4.12.2024. 15:30:24;;115,459389;;4.12.2024. 15:34:56;;5;;4.12.2024. 14:40:32;;21,28628;;4.12.2024. 16:20:16;;15,97424;;4.12.2024. 16:47:28;;-2,973232;;4.12.2024. 16:56:32;;1,229068;;4.12.2024. 15:30:24;;115,542458;;4.12.2024. 15:46:16;;5;;4.12.2024. 14:46:30;;20,50688
4.12.2024. 14:24:40;;21,519913;;4.12.2024. 16:15:44;;-4,644042;;4.12.2024. 16:49:44;;1,082962;;4.12.2024. 15:32:40;;115,459389;;4.12.2024. 15:37:12;;5;;4.12.2024. 14:41:14;;21,28628;;4.12.2024. 16:22:32;;15,97424;;4.12.2024. 16:49:44;;-2,973232;;4.12.2024. 16:58:48;;1,229068;;4.12.2024. 15:32:40;;115,542458;;4.12.2024. 15:48:32;;5;;4.12.2024. 14:47:20;;20,45492
4.12.2024. 14:26:56;;21,519913;;4.12.2024. 16:18:00;;-4,644042;;4.12.2024. 16:52:00;;1,082962;;4.12.2024. 15:34:56;;115,459389;;4.12.2024. 15:39:28;;5;;4.12.2024. 14:42:48;;20,73204;;4.12.2024. 16:24:48;;15,97424;;4.12.2024. 16:52:00;;-2,973232;;4.12.2024. 17:01:04;;1,229068;;4.12.2024. 15:34:56;;115,542458;;4.12.2024. 15:50:48;;5;;4.12.2024. 14:49:36;;20,45492
4.12.2024. 14:29:12;;21,519913;;4.12.2024. 16:20:16;;-4,644042;;4.12.2024. 16:54:16;;1,082962;;4.12.2024. 15:37:12;;115,459389;;4.12.2024. 15:41:44;;5;;4.12.2024. 14:45:04;;20,73204;;4.12.2024. 16:27:04;;15,97424;;4.12.2024. 16:54:16;;-2,973232;;4.12.2024. 17:03:20;;1,229068;;4.12.2024. 15:37:12;;115,542458;;4.12.2024. 15:53:04;;5;;4.12.2024. 14:49:56;;20,45492
4.12.2024. 14:31:28;;21,519913;;4.12.2024. 16:22:32;;-4,644042;;4.12.2024. 16:56:32;;1,082962;;4.12.2024. 15:39:28;;115,459389;;4.12.2024. 15:44:00;;5;;4.12.2024. 14:47:06;;20,73204;;4.12.2024. 16:29:20;;15,97424;;4.12.2024. 16:56:32;;-2,973232;;4.12.2024. 17:05:36;;1,229068;;4.12.2024. 15:39:28;;115,542458;;4.12.2024. 15:55:20;;5;;4.12.2024. 14:51:52;;20,333679
4.12.2024. 14:33:44;;21,519913;;4.12.2024. 16:24:48;;-4,644042;;4.12.2024. 16:58:48;;1,082962;;4.12.2024. 15:41:44;;115,459389;;4.12.2024. 15:46:16;;5;;4.12.2024. 14:47:20;;20,6108;;4.12.2024. 16:31:36;;15,97424;;4.12.2024. 16:58:48;;-2,973232;;4.12.2024. 17:07:52;;1,229068;;4.12.2024. 15:41:44;;115,542458;;4.12.2024. 15:57:36;;5;;4.12.2024. 14:54:08;;20,333679
4.12.2024. 14:36:00;;21,519913;;4.12.2024. 16:27:04;;-4,644042;;4.12.2024. 17:01:04;;1,082962;;4.12.2024. 15:44:00;;115,459389;;4.12.2024. 15:48:32;;5;;4.12.2024. 14:49:36;;20,6108;;4.12.2024. 16:33:52;;15,97424;;4.12.2024. 17:01:04;;-2,973232;;;;;;4.12.2024. 15:44:00;;115,542458;;4.12.2024. 15:59:52;;5;;4.12.2024. 14:56:24;;20,333679
4.12.2024. 14:37:48;;22,950418;;4.12.2024. 16:29:20;;-4,644042;;4.12.2024. 17:03:20;;1,082962;;4.12.2024. 15:46:16;;115,459389;;4.12.2024. 15:50:48;;5;;4.12.2024. 14:50:12;;20,6108;;4.12.2024. 16:36:08;;15,97424;;4.12.2024. 17:03:20;;-2,973232;;;;;;4.12.2024. 15:46:16;;115,542458;;4.12.2024. 16:02:08;;5;;4.12.2024. 14:56:48;;20,333679
4.12.2024. 14:38:16;;21,46023;;4.12.2024. 16:31:36;;-4,644042;;4.12.2024. 17:05:36;;1,082962;;4.12.2024. 15:48:32;;115,459389;;4.12.2024. 15:53:04;;5;;4.12.2024. 14:51:52;;20,853279;;4.12.2024. 16:36:18;;15,97424;;4.12.2024. 17:05:36;;-2,973232;;;;;;4.12.2024. 15:48:32;;115,542458;;4.12.2024. 16:04:24;;5;;4.12.2024. 14:58:40;;20,50688
4.12.2024. 14:38:40;;21,46023;;4.12.2024. 16:33:52;;-4,644042;;4.12.2024. 17:07:52;;1,082962;;4.12.2024. 15:50:48;;115,459389;;4.12.2024. 15:55:20;;5;;4.12.2024. 14:54:08;;20,853279;;4.12.2024. 16:38:24;;17,353617;;4.12.2024. 17:07:52;;-2,973232;;;;;;4.12.2024. 15:50:48;;115,542458;;4.12.2024. 16:06:40;;5;;4.12.2024. 15:00:56;;20,50688
4.12.2024. 14:40:32;;22,838722;;4.12.2024. 16:36:08;;-4,644042;;;;;;4.12.2024. 15:53:04;;115,459389;;4.12.2024. 15:57:36;;5;;4.12.2024. 14:54:30;;20,853279;;4.12.2024. 16:40:40;;17,353617;;;;;;;;;;4.12.2024. 15:53:04;;115,542458;;4.12.2024. 16:08:32;;5;;4.12.2024. 15:03:12;;20,50688
4.12.2024. 14:42:48;;22,838722;;4.12.2024. 16:36:20;;-4,644042;;;;;;4.12.2024. 15:55:20;;115,459389;;4.12.2024. 15:59:52;;5;;4.12.2024. 14:56:24;;20,593481;;4.12.2024. 16:42:56;;17,353617;;;;;;;;;;4.12.2024. 15:55:20;;115,542458;;4.12.2024. 16:08:56;;4;;4.12.2024. 15:05:22;;20,50688
4.12.2024. 14:44:54;;22,838722;;4.12.2024. 16:38:24;;-5,18503;;;;;;4.12.2024. 15:57:36;;115,459389;;4.12.2024. 16:02:08;;5;;4.12.2024. 14:56:42;;20,593481;;4.12.2024. 16:45:12;;17,353617;;;;;;;;;;4.12.2024. 15:57:36;;115,542458;;4.12.2024. 16:11:12;;4;;4.12.2024. 15:05:28;;20,57616
4.12.2024. 14:45:04;;21,456491;;4.12.2024. 16:40:40;;-5,18503;;;;;;4.12.2024. 15:59:52;;115,459389;;4.12.2024. 16:04:24;;5;;4.12.2024. 14:58:40;;20,71472;;4.12.2024. 16:47:28;;17,353617;;;;;;;;;;4.12.2024. 15:59:52;;115,542458;;4.12.2024. 16:13:28;;4;;4.12.2024. 15:07:44;;20,57616
4.12.2024. 14:46:36;;21,456491;;4.12.2024. 16:42:56;;-5,18503;;;;;;4.12.2024. 16:02:08;;115,459389;;4.12.2024. 16:06:40;;6;;4.12.2024. 15:00:56;;20,71472;;4.12.2024. 16:49:44;;17,353617;;;;;;;;;;4.12.2024. 16:02:08;;115,542458;;4.12.2024. 16:15:44;;4;;4.12.2024. 15:10:00;;20,57616
4.12.2024. 14:47:20;;22,87171;;4.12.2024. 16:45:12;;-5,18503;;;;;;4.12.2024. 16:04:24;;115,459389;;4.12.2024. 16:07:52;;6;;4.12.2024. 15:03:12;;20,71472;;4.12.2024. 16:52:00;;17,353617;;;;;;;;;;4.12.2024. 16:04:24;;115,542458;;4.12.2024. 16:18:00;;4;;4.12.2024. 15:12:16;;20,57616
4.12.2024. 14:49:36;;22,87171;;4.12.2024. 16:47:20;;-5,18503;;;;;;4.12.2024. 16:06:40;;115,459389;;4.12.2024. 16:08:56;;5;;4.12.2024. 15:03:22;;20,71472;;4.12.2024. 16:54:16;;17,353617;;;;;;;;;;4.12.2024. 16:06:40;;115,542458;;4.12.2024. 16:20:16;;4;;4.12.2024. 15:12:22;;20,57616
4.12.2024. 14:51:52;;22,87171;;4.12.2024. 16:47:28;;-4,661167;;;;;;4.12.2024. 16:07:56;;115,459389;;4.12.2024. 16:11:12;;5;;4.12.2024. 15:05:28;;20,818642;;4.12.2024. 16:56:32;;17,353617;;;;;;;;;;4.12.2024. 16:07:56;;115,542458;;4.12.2024. 16:22:32;;4;;4.12.2024. 15:14:32;;20,593481
4.12.2024. 14:54:08;;22,87171;;4.12.2024. 16:49:44;;-4,661167;;;;;;4.12.2024. 16:08:56;;116,908234;;4.12.2024. 16:13:28;;5;;4.12.2024. 15:07:44;;20,818642;;4.12.2024. 16:58:48;;17,353617;;;;;;;;;;4.12.2024. 16:08:56;;116,994644;;4.12.2024. 16:24:48;;4;;4.12.2024. 15:16:48;;20,593481
4.12.2024. 14:56:24;;22,87171;;4.12.2024. 16:52:00;;-4,661167;;;;;;4.12.2024. 16:11:12;;116,908234;;4.12.2024. 16:15:44;;5;;4.12.2024. 15:10:00;;20,818642;;4.12.2024. 17:01:04;;17,353617;;;;;;;;;;4.12.2024. 16:11:12;;116,994644;;4.12.2024. 16:27:04;;4;;4.12.2024. 15:19:04;;20,593481
4.12.2024. 14:58:40;;22,87171;;4.12.2024. 16:54:16;;-4,661167;;;;;;4.12.2024. 16:13:28;;116,908234;;4.12.2024. 16:18:00;;5;;4.12.2024. 15:10:42;;20,818642;;4.12.2024. 17:02:22;;17,353617;;;;;;;;;;4.12.2024. 16:13:28;;116,994644;;4.12.2024. 16:28:04;;4;;4.12.2024. 15:21:20;;20,593481
4.12.2024. 15:00:56;;22,87171;;4.12.2024. 16:56:32;;-4,661167;;;;;;4.12.2024. 16:15:44;;116,908234;;4.12.2024. 16:20:16;;5;;4.12.2024. 15:12:16;;20,88792;;4.12.2024. 17:03:20;;15,965408;;;;;;;;;;4.12.2024. 16:15:44;;116,994644;;4.12.2024. 16:29:20;;5;;4.12.2024. 15:23:36;;20,593481
4.12.2024. 15:03:12;;22,87171;;4.12.2024. 16:58:48;;-4,661167;;;;;;4.12.2024. 16:18:00;;116,908234;;4.12.2024. 16:22:32;;5;;4.12.2024. 15:14:32;;20,88792;;4.12.2024. 17:05:36;;15,965408;;;;;;;;;;4.12.2024. 16:18:00;;116,994644;;4.12.2024. 16:31:36;;5;;4.12.2024. 15:25:52;;20,593481
4.12.2024. 15:05:28;;22,87171;;4.12.2024. 17:01:04;;-4,661167;;;;;;4.12.2024. 16:20:16;;116,908234;;4.12.2024. 16:24:48;;5;;4.12.2024. 15:16:20;;20,88792;;4.12.2024. 17:07:52;;15,965408;;;;;;;;;;4.12.2024. 16:20:16;;116,994644;;4.12.2024. 16:33:52;;5;;4.12.2024. 15:28:08;;20,593481
4.12.2024. 15:07:44;;22,87171;;4.12.2024. 17:03:20;;-4,661167;;;;;;4.12.2024. 16:22:32;;116,908234;;4.12.2024. 16:27:04;;5;;4.12.2024. 15:16:48;;20,957201;;;;;;;;;;;;;;4.12.2024. 16:22:32;;116,994644;;4.12.2024. 16:36:08;;5;;4.12.2024. 15:28:38;;20,593481
4.12.2024. 15:10:00;;22,87171;;4.12.2024. 17:05:36;;-4,661167;;;;;;4.12.2024. 16:24:48;;116,908234;;4.12.2024. 16:29:20;;5;;4.12.2024. 15:19:04;;20,957201;;;;;;;;;;;;;;4.12.2024. 16:24:48;;116,994644;;4.12.2024. 16:38:24;;5;;4.12.2024. 15:30:24;;20,55884
4.12.2024. 15:12:16;;22,87171;;4.12.2024. 17:07:52;;-4,661167;;;;;;4.12.2024. 16:27:04;;116,908234;;4.12.2024. 16:31:36;;5;;4.12.2024. 15:21:20;;20,957201;;;;;;;;;;;;;;4.12.2024. 16:27:04;;116,994644;;4.12.2024. 16:40:40;;5;;4.12.2024. 15:32:40;;20,55884
4.12.2024. 15:13:56;;22,87171;;;;;;;;;;4.12.2024. 16:27:26;;116,908234;;4.12.2024. 16:33:52;;5;;4.12.2024. 15:23:36;;20,957201;;;;;;;;;;;;;;4.12.2024. 16:27:26;;116,994644;;4.12.2024. 16:42:56;;5;;4.12.2024. 15:33:00;;20,55884
4.12.2024. 15:14:32;;24,377022;;;;;;;;;;4.12.2024. 16:29:20;;115,30603;;4.12.2024. 16:36:08;;5;;4.12.2024. 15:25:52;;20,957201;;;;;;;;;;;;;;4.12.2024. 16:29:20;;115,39859;;4.12.2024. 16:45:12;;5;;4.12.2024. 15:34:56;;20,50688
4.12.2024. 15:16:48;;24,377022;;;;;;;;;;4.12.2024. 16:31:36;;115,30603;;4.12.2024. 16:38:24;;5;;4.12.2024. 15:28:08;;20,957201;;;;;;;;;;;;;;4.12.2024. 16:31:36;;115,39859;;4.12.2024. 16:47:28;;5;;4.12.2024. 15:36:00;;20,50688
4.12.2024. 15:19:04;;24,377022;;;;;;;;;;4.12.2024. 16:33:52;;115,30603;;4.12.2024. 16:40:40;;5;;4.12.2024. 15:29:22;;20,957201;;;;;;;;;;;;;;4.12.2024. 16:33:52;;115,39859;;4.12.2024. 16:49:44;;5;;4.12.2024. 15:37:12;;20,57616
4.12.2024. 15:21:20;;24,377022;;;;;;;;;;4.12.2024. 16:36:08;;115,30603;;4.12.2024. 16:42:56;;5;;4.12.2024. 15:30:24;;20,83596;;;;;;;;;;;;;;4.12.2024. 16:36:08;;115,39859;;4.12.2024. 16:52:00;;5;;4.12.2024. 15:39:28;;20,57616
4.12.2024. 15:22:18;;24,377022;;;;;;;;;;4.12.2024. 16:38:24;;115,30603;;4.12.2024. 16:45:12;;5;;4.12.2024. 15:32:40;;20,83596;;;;;;;;;;;;;;4.12.2024. 16:38:24;;115,39859;;4.12.2024. 16:54:16;;5;;4.12.2024. 15:41:44;;20,57616
4.12.2024. 15:23:36;;22,971977;;;;;;;;;;4.12.2024. 16:40:40;;115,30603;;4.12.2024. 16:47:28;;5;;4.12.2024. 15:34:56;;20,83596;;;;;;;;;;;;;;4.12.2024. 16:40:40;;115,39859;;4.12.2024. 16:56:32;;5;;4.12.2024. 15:44:00;;20,57616
4.12.2024. 15:25:26;;22,971977;;;;;;;;;;4.12.2024. 16:42:56;;115,30603;;4.12.2024. 16:49:44;;5;;4.12.2024. 15:37:12;;20,83596;;;;;;;;;;;;;;4.12.2024. 16:42:56;;115,39859;;4.12.2024. 16:58:48;;5;;4.12.2024. 15:46:16;;20,57616
4.12.2024. 15:25:52;;22,926851;;;;;;;;;;4.12.2024. 16:45:12;;115,30603;;4.12.2024. 16:52:00;;5;;4.12.2024. 15:39:28;;20,83596;;;;;;;;;;;;;;4.12.2024. 16:45:12;;115,39859;;4.12.2024. 17:01:04;;5;;4.12.2024. 15:48:32;;20,57616
4.12.2024. 15:26:54;;22,926851;;;;;;;;;;4.12.2024. 16:47:28;;115,30603;;4.12.2024. 16:54:16;;5;;4.12.2024. 15:41:44;;20,83596;;;;;;;;;;;;;;4.12.2024. 16:47:28;;115,39859;;4.12.2024. 17:03:20;;5;;4.12.2024. 15:50:48;;20,57616
4.12.2024. 15:28:08;;24,377871;;;;;;;;;;4.12.2024. 16:49:44;;115,30603;;4.12.2024. 16:56:32;;5;;4.12.2024. 15:44:00;;20,83596;;;;;;;;;;;;;;4.12.2024. 16:49:44;;115,39859;;4.12.2024. 17:05:36;;5;;4.12.2024. 15:53:04;;20,57616
4.12.2024. 15:30:24;;24,377871;;;;;;;;;;4.12.2024. 16:52:00;;115,30603;;4.12.2024. 16:58:48;;5;;4.12.2024. 15:46:16;;20,83596;;;;;;;;;;;;;;4.12.2024. 16:52:00;;115,39859;;4.12.2024. 17:07:52;;5;;4.12.2024. 15:55:20;;20,57616
4.12.2024. 15:32:40;;24,377871;;;;;;;;;;4.12.2024. 16:54:16;;115,30603;;4.12.2024. 17:01:04;;5;;4.12.2024. 15:48:32;;20,83596;;;;;;;;;;;;;;4.12.2024. 16:54:16;;115,39859;;;;;;4.12.2024. 15:57:36;;20,57616
4.12.2024. 15:34:56;;24,377871;;;;;;;;;;4.12.2024. 16:56:32;;115,30603;;4.12.2024. 17:03:20;;5;;4.12.2024. 15:50:48;;20,83596;;;;;;;;;;;;;;4.12.2024. 16:56:32;;115,39859;;;;;;4.12.2024. 15:59:52;;20,57616
4.12.2024. 15:36:08;;24,377871;;;;;;;;;;4.12.2024. 16:58:48;;115,30603;;4.12.2024. 17:05:36;;5;;4.12.2024. 15:53:04;;20,83596;;;;;;;;;;;;;;4.12.2024. 16:58:48;;115,39859;;;;;;4.12.2024. 16:02:08;;20,57616
4.12.2024. 15:37:12;;22,995384;;;;;;;;;;4.12.2024. 17:01:04;;115,30603;;4.12.2024. 17:07:52;;5;;4.12.2024. 15:55:20;;20,83596;;;;;;;;;;;;;;4.12.2024. 17:01:04;;115,39859;;;;;;4.12.2024. 16:04:24;;20,57616
4.12.2024. 15:39:28;;22,995384;;;;;;;;;;4.12.2024. 17:02:56;;115,30603;;;;;;4.12.2024. 15:57:36;;20,83596;;;;;;;;;;;;;;4.12.2024. 17:02:56;;115,39859;;;;;;4.12.2024. 16:05:18;;20,57616
4.12.2024. 15:41:44;;22,995384;;;;;;;;;;4.12.2024. 17:03:20;;116,773567;;;;;;4.12.2024. 15:59:52;;20,83596;;;;;;;;;;;;;;4.12.2024. 17:03:20;;116,848114;;;;;;4.12.2024. 16:06:40;;20,42028
4.12.2024. 15:44:00;;22,995384;;;;;;;;;;4.12.2024. 17:04:26;;116,773567;;;;;;4.12.2024. 16:02:08;;20,83596;;;;;;;;;;;;;;4.12.2024. 17:04:26;;116,848114;;;;;;4.12.2024. 16:07:52;;20,42028
4.12.2024. 15:46:16;;22,995384;;;;;;;;;;4.12.2024. 17:05:36;;115,205925;;;;;;4.12.2024. 16:04:24;;20,83596;;;;;;;;;;;;;;4.12.2024. 17:05:36;;115,302734;;;;;;4.12.2024. 16:08:56;;20,749359
4.12.2024. 15:48:32;;22,995384;;;;;;;;;;4.12.2024. 17:07:52;;115,205925;;;;;;4.12.2024. 16:05:32;;20,83596;;;;;;;;;;;;;;4.12.2024. 17:07:52;;115,302734;;;;;;4.12.2024. 16:09:36;;20,749359
4.12.2024. 15:50:48;;22,995384;;;;;;;;;;;;;;;;;;4.12.2024. 16:06:40;;21,02648;;;;;;;;;;;;;;;;;;;;;;4.12.2024. 16:11:12;;20,5242
4.12.2024. 15:53:04;;22,995384;;;;;;;;;;;;;;;;;;4.12.2024. 16:08:02;;21,02648;;;;;;;;;;;;;;;;;;;;;;4.12.2024. 16:13:28;;20,5242
4.12.2024. 15:55:20;;22,995384;;;;;;;;;;;;;;;;;;4.12.2024. 16:08:56;;21,1304;;;;;;;;;;;;;;;;;;;;;;4.12.2024. 16:15:44;;20,5242
4.12.2024. 15:56:54;;22,995384;;;;;;;;;;;;;;;;;;4.12.2024. 16:11:12;;21,1304;;;;;;;;;;;;;;;;;;;;;;4.12.2024. 16:18:00;;20,5242
4.12.2024. 15:57:36;;24,419344;;;;;;;;;;;;;;;;;;4.12.2024. 16:13:28;;21,1304;;;;;;;;;;;;;;;;;;;;;;4.12.2024. 16:20:16;;20,5242
4.12.2024. 15:58:36;;24,419344;;;;;;;;;;;;;;;;;;4.12.2024. 16:15:44;;21,1304;;;;;;;;;;;;;;;;;;;;;;4.12.2024. 16:20:32;;20,5242
4.12.2024. 15:59:52;;23,032728;;;;;;;;;;;;;;;;;;4.12.2024. 16:17:30;;21,1304;;;;;;;;;;;;;;;;;;;;;;4.12.2024. 16:22:32;;20,42028
4.12.2024. 16:02:08;;23,032728;;;;;;;;;;;;;;;;;;4.12.2024. 16:18:00;;21,07844;;;;;;;;;;;;;;;;;;;;;;4.12.2024. 16:24:48;;20,42028
4.12.2024. 16:04:24;;23,032728;;;;;;;;;;;;;;;;;;4.12.2024. 16:20:16;;21,07844;;;;;;;;;;;;;;;;;;;;;;4.12.2024. 16:27:04;;20,42028
4.12.2024. 16:06:40;;23,032728;;;;;;;;;;;;;;;;;;4.12.2024. 16:21:48;;21,07844;;;;;;;;;;;;;;;;;;;;;;4.12.2024. 16:29:20;;20,42028
4.12.2024. 16:08:56;;23,032728;;;;;;;;;;;;;;;;;;4.12.2024. 16:22:32;;20,97452;;;;;;;;;;;;;;;;;;;;;;4.12.2024. 16:30:54;;20,42028
4.12.2024. 16:11:12;;23,032728;;;;;;;;;;;;;;;;;;4.12.2024. 16:24:48;;20,97452;;;;;;;;;;;;;;;;;;;;;;4.12.2024. 16:31:36;;20,489559
4.12.2024. 16:13:12;;23,032728;;;;;;;;;;;;;;;;;;4.12.2024. 16:27:04;;20,97452;;;;;;;;;;;;;;;;;;;;;;4.12.2024. 16:33:52;;20,489559
4.12.2024. 16:13:28;;21,666876;;;;;;;;;;;;;;;;;;4.12.2024. 16:28:30;;20,97452;;;;;;;;;;;;;;;;;;;;;;4.12.2024. 16:36:08;;20,489559
4.12.2024. 16:15:44;;21,666876;;;;;;;;;;;;;;;;;;4.12.2024. 16:29:20;;20,749359;;;;;;;;;;;;;;;;;;;;;;4.12.2024. 16:38:24;;20,489559
4.12.2024. 16:17:20;;21,666876;;;;;;;;;;;;;;;;;;4.12.2024. 16:30:30;;20,749359;;;;;;;;;;;;;;;;;;;;;;4.12.2024. 16:40:40;;20,489559
4.12.2024. 16:18:00;;23,112259;;;;;;;;;;;;;;;;;;4.12.2024. 16:31:36;;20,697399;;;;;;;;;;;;;;;;;;;;;;4.12.2024. 16:42:56;;20,489559
4.12.2024. 16:20:16;;23,112259;;;;;;;;;;;;;;;;;;4.12.2024. 16:33:30;;20,697399;;;;;;;;;;;;;;;;;;;;;;4.12.2024. 16:45:12;;20,489559
4.12.2024. 16:20:38;;23,112259;;;;;;;;;;;;;;;;;;4.12.2024. 16:33:52;;20,749359;;;;;;;;;;;;;;;;;;;;;;4.12.2024. 16:47:28;;20,489559
4.12.2024. 16:22:32;;24,529955;;;;;;;;;;;;;;;;;;4.12.2024. 16:36:08;;20,749359;;;;;;;;;;;;;;;;;;;;;;4.12.2024. 16:49:44;;20,489559
4.12.2024. 16:24:48;;24,529955;;;;;;;;;;;;;;;;;;4.12.2024. 16:38:24;;20,749359;;;;;;;;;;;;;;;;;;;;;;4.12.2024. 16:52:00;;20,489559
4.12.2024. 16:27:04;;24,529955;;;;;;;;;;;;;;;;;;4.12.2024. 16:40:40;;20,749359;;;;;;;;;;;;;;;;;;;;;;4.12.2024. 16:54:16;;20,489559
4.12.2024. 16:29:20;;24,529955;;;;;;;;;;;;;;;;;;4.12.2024. 16:42:56;;20,749359;;;;;;;;;;;;;;;;;;;;;;4.12.2024. 16:56:32;;20,489559
4.12.2024. 16:31:10;;24,529955;;;;;;;;;;;;;;;;;;4.12.2024. 16:44:36;;20,749359;;;;;;;;;;;;;;;;;;;;;;4.12.2024. 16:56:34;;20,489559
4.12.2024. 16:31:36;;25,992678;;;;;;;;;;;;;;;;;;4.12.2024. 16:45:12;;20,853279;;;;;;;;;;;;;;;;;;;;;;4.12.2024. 16:58:48;;20,57616
4.12.2024. 16:33:52;;25,992678;;;;;;;;;;;;;;;;;;4.12.2024. 16:47:28;;20,853279;;;;;;;;;;;;;;;;;;;;;;4.12.2024. 17:01:04;;20,57616
4.12.2024. 16:36:08;;25,992678;;;;;;;;;;;;;;;;;;4.12.2024. 16:48:50;;20,853279;;;;;;;;;;;;;;;;;;;;;;4.12.2024. 17:03:20;;20,57616
4.12.2024. 16:38:24;;25,992678;;;;;;;;;;;;;;;;;;4.12.2024. 16:49:44;;20,749359;;;;;;;;;;;;;;;;;;;;;;4.12.2024. 17:05:36;;20,57616
4.12.2024. 16:39:12;;25,992678;;;;;;;;;;;;;;;;;;4.12.2024. 16:50:58;;20,749359;;;;;;;;;;;;;;;;;;;;;;4.12.2024. 17:07:38;;20,57616
4.12.2024. 16:40:40;;24,613337;;;;;;;;;;;;;;;;;;4.12.2024. 16:52:00;;20,88792;;;;;;;;;;;;;;;;;;;;;;4.12.2024. 17:07:52;;20,593481
4.12.2024. 16:42:10;;24,613337;;;;;;;;;;;;;;;;;;4.12.2024. 16:54:16;;20,88792;;;;;;;;;;;;;;;;;;;;;;;;
4.12.2024. 16:42:56;;26,023069;;;;;;;;;;;;;;;;;;4.12.2024. 16:56:32;;20,88792;;;;;;;;;;;;;;;;;;;;;;;;
4.12.2024. 16:44:30;;26,023069;;;;;;;;;;;;;;;;;;4.12.2024. 16:58:48;;20,88792;;;;;;;;;;;;;;;;;;;;;;;;
4.12.2024. 16:45:12;;24,57506;;;;;;;;;;;;;;;;;;4.12.2024. 17:00:40;;20,88792;;;;;;;;;;;;;;;;;;;;;;;;
4.12.2024. 16:47:28;;24,57506;;;;;;;;;;;;;;;;;;4.12.2024. 17:01:04;;20,76668;;;;;;;;;;;;;;;;;;;;;;;;
4.12.2024. 16:49:44;;24,57506;;;;;;;;;;;;;;;;;;4.12.2024. 17:03:20;;20,76668;;;;;;;;;;;;;;;;;;;;;;;;
4.12.2024. 16:52:00;;24,57506;;;;;;;;;;;;;;;;;;4.12.2024. 17:05:36;;20,76668;;;;;;;;;;;;;;;;;;;;;;;;
4.12.2024. 16:54:16;;24,57506;;;;;;;;;;;;;;;;;;4.12.2024. 17:07:52;;20,76668;;;;;;;;;;;;;;;;;;;;;;;;
4.12.2024. 16:56:32;;24,57506;;;;;;;;;;;;;;;;;;;;;;;;;;;;;;;;;;;;;;;;;;;;
4.12.2024. 16:58:48;;24,57506;;;;;;;;;;;;;;;;;;;;;;;;;;;;;;;;;;;;;;;;;;;;
4.12.2024. 17:01:04;;24,57506;;;;;;;;;;;;;;;;;;;;;;;;;;;;;;;;;;;;;;;;;;;;
4.12.2024. 17:03:20;;24,57506;;;;;;;;;;;;;;;;;;;;;;;;;;;;;;;;;;;;;;;;;;;;
4.12.2024. 17:05:36;;24,57506;;;;;;;;;;;;;;;;;;;;;;;;;;;;;;;;;;;;;;;;;;;;
4.12.2024. 17:07:52;;24,57506;;;;;;;;;;;;;;;;;;;;;;;;;;;;;;;;;;;;;;;;;;;;
